0f7aaa1a-8b0f-457d-925b-dfa437969f95	Colère	yq	Dusubɔ			Dimiya		Dusudiya								43725	
10324820876	Canard	bk	Tongonon													43725	animal
10327043748	Fourmi	yq	Jugumɛni			Dugumɛnɛ	BFA	Mɛnɛmɛnɛ								43725	animal
-10943763535	Prendre soin / Faire attention		Janto		I janto kɔnɔn nin na											43725	v
-1159348157	La semaine passée	bk	Lɔgokun tɛmɛni													43725	calendrier
-1161642427	Justice  / honnêteté	bk	Tileninya													43725	
-1161731729	Juste	yq	Tilenin			Tilennen										43725	marked
-1161905542	Igname braisé	bk	Ku jeni													43725	nourriture
-1171839580	Orgeuil	yq	Kuncɛbaya													43725	
-12126191650	S'apprêter / préparer	bk	Labɛn													43725	v
-12494899734	Inquiéter	bk	Jɔɔrɔ													43725	v
1408180573	Reposer	bk	Nene kri		N bena nene kri	Lafiɲɛ										43725	marked v
1445272529459	Comprendre	yq	Faamu		n ka faamu											43725	vt
1451813917579	Combien	yq	Joli		Joli bɛ i kuŋ / bolo											43725	question
1516095877	Il est parti la bas	bk	A tagala yen													43725	bouake
-15176919454	Amour	yq	Kanuya													43725	essentiel
-15266935615	Entrer	bk	Do													43725	v
-15266981711	Donner / (Livrer / Fournir)	bk	Di ... ma													43725	v
-15267201502	Profit / Bénéfice / Important		Nafa		N ka nafa / tɔnɔn sɔrɔ / Nafa la bon	Tɔnɔn										43725	marked
-15267243828	Blanc	yq	Gɛ			Gwɛman				Jɛ						43725	
-15267346936	Le prix n'est pas cher	bk	A sɔngɔ ma ca													43725	phrase
-15267602340	Combien d'argent sur toi	bk	Joli bɛ i kuŋ / bolo													43725	phrase
-15267635599	Il faut dire	bk	A fɔ ko													43725	phrase
-15267674977	On peut vous satisfaire	bk	O ka nɔgɔ													43725	phrase
1527665647867	Manière	yq	Cogoya			Wale	jl 11									43725	
1527946171929	Travailler	yq	Baara kɛ													43725	vi
1527946171945	Fuir / Echapper / Courir / Conduire	kodi	Bori			Boli										43725	essentiel vi
1527946172032	Mal / Douleur	yq	Dimi (n)													43725	corp essentiel
1527946172154	Quand ?	yq	Waati jumɛn			Tuma jumɛn	BKE									43725	essentiel
1528479911909	Argent	yq	Wari			Warigwɛ										43725	essentiel
1528479911910	Argile	yq	Bɔgɔn													43725	
1528479911911	Au travail	yq	Baarakɛyɔrɔ la													43725	
1528479911912	Au-dessus / En haut	yq	San fɛ													43725	essentiel
1528524001	Un doigt ne peut pas lever un cailloux.	bk	Bolokumande kelen tɛ se ka bɛrɛ ta.			kabakuru	CIV									43725	phrase
1528620781278	Ce n'est pas tout	dictionaire	O dɔrɔn tɛ													43725	phrase
1528816741117	Python	kamagate	Mininyanba			Mininyan suruni										43725	animal
1529143433471	Discuter / Bavarder	yq	Baro kɛ													43725	essentiel vi
1529143433472	Animal domestique	yq	Bɛgan	CIV	Soo ye bɛgan ye	Bigan		Bagan								43725	animal
1529143433473	Cailloux / Gravier / Pierre	yq	Kabakuru	CIV		Farakolo			Donner / (Livrer / Fournir)	yq				Di ... ma		43725	
1529143433474	Bobo-Dioulasso	yq	Bobo-Julaso													43725	geo
1529143433475	Artisant	yq	Bololabaara													43725	gens marked
1529143433476	Gros / Vaste	yq	Bon (adj.)													43725	essentiel marked
1529143433477	Constructeur	yq	Boon lɔbaga													43725	gens
1529143433478	Sac	yq	Saki			Bɔrɔ		Sakɔsi		saki						43725	
1529143433479	Panetier	yq	Buru dilanbaga			Buru kera tigi										43725	gens
1529143433480	Museau	yq	Dakala													43725	corp
1529143433482	Diphtérie	yq	Falakabana													43725	santé
1529143433484	Fort, Puissant (adj)	yq	Fangaman	adj	exemple											43725	marked
1529143433485	Peau	yq	Fara			Farikolo		Wolo	bm							43725	corp
1529143433486	France	yq	Faransi jamana													43725	geo
1529143433487	Athlétisme	yq	Farijo													43725	
1529143433488	Nu	yq	Farilakolon			Fanita kan										43725	corp
1529143433489	Folie	yq	Fatɔya			Hakilitanya				Faa						43725	
1529143433490	Aile	yq	Gama fura													43725	corp
1529143433492	Condamnation	yq	Jalakili													43725	
1529143433493	Trahir	yq	Janfa		I ka n jigitigɛ	Jigitigɛ	bke									43725	marked v
1529143433494	Traitre	yq	Janfanci			Janfaci										43725	
1529143433495	Découvrir	yq	Ka lon													43725	marked
1529143433496	Il a demandé à boire		A ka minji deli													43725	
1529143433497	Langue (parlée) / Voix	yq	Kaan		need example											43725	
1529143433498	Short (n)	yq	Kilɔti													43725	
1529143433499	Rhumatisme	yq	Koloci			Kolobana										43725	santé
1529143433500	Discipline / Éducation / Obéissance	yq	Kololi													43725	
1529143433502	Pensée (n.)		Mirili			Miriya										43725	marked
1529143433503	Pause / Repos / Sièste	yq	Lafiyɛn													43725	marked
1529143433504	Guinée-Bissao	yq	Laginɛ Biso													43725	geo
1529143433505	Guinée Equatoriale	yq	Laginɛ Ekuwat.													43725	geo
1529143433506	Hebdomadaire	yq	Logokun o logokun													43725	calendrier
15291434335074	Le week-end	yq	Lɔgɔkun laban na													43725	
1529143433508	Compatissant	yq	Makaritigi													43725	marked
1529143433509	Besoin (n)	yq	Makoya													43725	
1529143433510	Egypte	yq	Misira			Ezipti										43725	geo
1529143433511	Respirer / Respiration / Respiratoire	yq	Nɛnɛkiri			Nɛnɛkili										43725	marked santé
1529143433512	Trouble respiratoire	yq	Nɛnɛkiri bana													43725	santé
1529143433513	Faux / Mensonge / Calomnie	yq	Faniɲan	BKE		Ngalon	BFA	uwia	CDI							43725	
1529143433514	Cadeau	yq	Nilifɛn			Kado										43725	
1529143433516	Centrafrique	yq	Santarafiriki													43725	geo
1529143433517	Or	yq	Sanu													43725	
1529143433518	Loi	yq	Sariya													43725	
1529143433519	Principe	yq	Sariyakolo													43725	marked
1529143433520	Aspect / Apparence / Forme	yq	Sawura			Kɛcogo										43725	marked
1529143433521	Sucre	yq	Sukaro													43725	nourriture
1529143433522	Diabète	yq	Sukarobana													43725	santé
1529143433523	Totem / Interdit	yq	Tana													43725	
1529143433524	C'est totem / interdit	yq	Tana lo													43725	phrase
1529143433525	Histoire (une)	yq	Tariki			Maana										43725	marked
1529143433526	Disenterie	yq	Tɔgɔtɔgɔmi													43725	santé
1529143433528	Malheur / Peine / Souffrance	yq	Tɔɔrɔ													43725	
1529143433529	Week-End	yq	Wikɛni			Lɔgɔkun laban na										43725	calendrier
1529143433530	Invisible	yq	Yebali													43725	
1529143433531	Loin	yq	Yɔrɔ ka jan													43725	
1529190677480	Sans doute	wt	Siga t’a la													43725	essentiel
1529191015378	Désert	wt	Kongokolon													43725	
1529191270204	Pensez-y	wt	Miiri ka filɛ													43725	
1529227811242	Concombre	wt	Kɔkɔnburu													43725	nourriture
1529227963980	Ail	wt	Layi													43725	nourriture
1529496492240	Tousser		Sɔgɔsɔgɔ													43725	santé
1529599765466	Téléphone	jl 12	Telefɔni													43725	
1529599765537	L'eau à boire	jl 18	Jii minta													43725	
1529599765545	Se dépêcher	jl 18	Teliya													43725	v
1529599765547	Transmettre / envoyer	jl 18	Lase		Lase ... a ma											43725	
1529599765589	La venue	jl 22	Nali													43725	
1529599765613	Années passées	jl 25	Saan tɛmɛninw													43725	
1529657783606	Cheville		Ntama / ntamakuru	BMI												43725	corp
1529657783607	Cil		Ɲɛsi					ɲɛsi,ɲɛwolosi	bm							43725	corp
1529657783608	Colonne vertébrale							Kɔkolo / Jɔkolo	bm							43725	corp
1529657783609	Côte		Galaga					galaka,sabakolo	bm							43725	corp
1529657783610	Coude													Tùgùkun / nɔnkɔn	bm	43725	corp marked
1529657783611	Bon sens		Hakili ɲuman													43725	
1529657783612	Front							ten,fɔn	bm							43725	corp
1529657783613	Hanche		Tɔgɔ	bm												43725	corp marked
1529657783615	Jambe / Pied		Sen					sen	bm							43725	corp
1529657783616	Joue							kènken,dafuruku	bm							43725	corp
1529657783620	Menton		Bonbon kun					Bonbon	bm							43725	corp
1529657783621	Muscle		Fasa					fàsa	bm							43725	corp
1529657783622	Narine		Nuwo			Nudinga		Nuwo / Nufile	bm							43725	corp
1529657783623	Nerf		Fasa Juru					fàsàjuru,fàsàsira,sɔmìnan	bm							43725	corp
1529657783624	Orteil		Sen Kumande					Sɛnkɔni	bm							43725	corp
1529657783625	Os		Kolo (n)					kolo	bm							43725	corp
1529657783627	Poignet		Bolokan					Bolonɛgɛladonyɔrɔ	bm							43725	corp
1529657783628	Pouls							pu	bm							43725	corp
1529657783630	Rein							kɔmɔkìli	bm							43725	corp
1529657783631	Ride		Ɲugu / Ɲuguɲugu	bm												43725	corp
1529657783634	Squelette							Kolojalan	bm							43725	corp
1529657783635	Sueur		Wɔsiji													43725	corp
1529657783636	Talon	jm	Sen ju					Sen tontòli	bm							43725	corp
1529678551506	Deuxièmement	yq	Filanan													43725	chiffre essentiel
1529678551507	Sagesse	yq	Hakilitigiya													43725	
1529678551508	Stylo	yq	Biki		Biki be ne fɛ.	Sɛbɛri kɛlan										43725	
1529678551509	En ville	yq	Dugukɔnɔ													43725	
1529678551510	En bas	yq	Duguman			Jukɔrɔ		Duguma								43725	essentiel
1529678551511	Passion	yq	Jarabi													43725	
1529678551512	Calcul mathématique	yq	Jateminɛ													43725	
1529678551513	Comptes	yq	Jateminɛw													43725	
1529678551514	Vite / tôt	yq	Joona (Joona)													43725	
1529678551515	Tôt le matin	yq	Sogoma Joona					Sogoma da joona fɛ								43725	
1529678551516	Faim		Kɔngɔ													43725	essentiel
1529678551517	Pensée	yq	Miriya													43725	
1529678551518	Poussière	bk	Pusiyeri			Buguri										43725	
1529678551519	Ballon	yq	Balɔn													43725	
1529678551520	Natte	yq	Dɛbɛ													43725	essentiel
1529698322933	Tabaski	kodi	Seliba													43725	
1529703600700	Table	kodi	Tabali													43725	essentiel
1529703600701	Chaise	kodi	Sigilan													43725	essentiel
1529703600702	La / La-bas	kodi	Yen													43725	essentiel
1529703600703	Fusil	kodi	Marfa													43725	essentiel
1529703600704	Peu	kodi	Dɔɔni													43725	essentiel
1529703600705	Nuit	kodi	Su													43725	essentiel
1529703600706	Usagé / Mauvais	kodi	Kolon													43725	essentiel
1529703600707	Se lever / lever	kodi	Wuli													43725	essentiel v
1529703600708	Petit	kodi	Misɛn			Fitini										43725	essentiel
1529703600709	Durer	kodi	Mɛɛn													43725	essentiel marked
1529703600710	Mettre	kodi	Bla													43725	essentiel v
1529703600711	Frapper	kodi	Bugɔ													43725	essentiel v
1529703600712	Ami	kodi	Teri			Tericɛ		Terimuso								43725	essentiel
1529703600713	Mosqué	kodi	Misiri													43725	essentiel
1529703600714	Champ	kodi	Foro													43725	essentiel
1529703600715	Rester	kodi	To (v.)													43725	essentiel v
1529703600716	Nom	kodi	Tɔgɔ													43725	essentiel
1529703600717	Ici	kodi	Yan													43725	essentiel
1529745613153	Sauce graine	emmanuel	Teɲi nan													43725	
1529866417683	Rien ne se fait sans raison	dns	Foyi tɛ kɛ ni kun t'a ra		Foyi tɛ kɛ ni kun tɛ a ra											43725	phrase
1530110576627	Il va le trouver		I be taa a sɔrɔ													43725	
1530116564391	Repas de soir	kamagate	Sula												30116564391	43725	
1530699154018	C'est  ça		O lo	CIV		jati	BFA									43725	
1530780907553	La critique ne tue pas	taxi	Fɔ tɛ mɔgɔ ban													43725	proverbe
1530781321340	Menteur		Faniɲantigɛla	BKE		Ngalontigɛla	BFA									43725	gens
1530877568081	Il a eu peur		A jatigɛla			A sirana										43725	phrase
1531388892354	Fɔ tɛ mɔgɔ ban		Parler de toi ne va pas te tuer													43725	
1534283308948	Sourcis	abidjan jara bm	Ɲa sii			ɲɛkonkonnasi		Ɲa bolo	bm							43725	
1535119308748	Plainte	rc	ɲunuɲunu													43725	
1535205454371	Mangouste	rc	Wata juba													43725	animal
1535205494493	Colibri	rc	Kɔnɔ dakalajan													43725	animal
1535878027723	Guider / Présider	wt	Ɲɛminɛ													43725	
1536486975202	Et la nuit	abu bouaké	Su farala di													43725	
1536516490491	Je vais rencontrer quelqu'un	Bouaké	Ne ni mɔgɔ dɔ  bena ɲɔgɔn ye													43725	marked
1538147693870	Son affaire	kodi	Taako													43725	
1538147724121	arrivé (n)		nako													43725	
1538147755443	retour	kodi	sekɔ													43725	
1538505721010	Brebis	tg	Sagadenw													43725	animal wt
1538655602	L'homme lui-même	bk	Mɔgɔ yɛrɛ													43725	gens
1538903026921	Âpre		Basi													43725	
1538903191991	En tout cas		Akoni													43725	
1538906597740	Ville		Duguba													43725	
1539113758485	Avenir	mwb	Sinima			Siniɲasigi	tract									43725	
-15868363272	Fidélité / Intégrité	bk	Kantigiya													43725	
-15924466213	Porte / bouche	bk	Da		I da tugu !											43725	corp essentiel
-15925488548	Vent	bk	Fɔɲɔ													43725	essentiel
-15925527333	Tais-toi !	bk	I da tugu !			I da je !										43725	marked phrase
-16300439867	Oiseau	yq	Kɔnɔnin			Kɔnɔn										43725	animal
-16300500095	Souris	bk	Ɲinan													43725	animal
-16300620645	N'importe quoi	bk	Fɛɛn bɛɛ													43725	essentiel
-16300653533	Feuille	bk	Flaburu													43725	
-16300696439	Herbe	yq	Biŋ			Bin										43725	animal
-16392853323	Étudier profondément	bk	Kalen ko sɛgɛsɛgɛ													43725	marked v
-16527240875	Sorte	yq	Sifa													43725	
-16607061439	J'ai besoin de toi	bk	N'mako b' i la													43725	phrase
-16607231724	Prendre / choisir	bk	Ta (v)													43725	v
-16607344084	C'est facile	bk	A ka nɔgɔ													43725	phrase
-16607389665	Préocupation / Soucis	bk	Haminako													43725	
-16607429763	À mon avis	bk	Ne ya hakili la													43725	phrase
-16729615293	Découragement	yq	Fari faga			Dusu tiɲɛ		Jigitigɛ								43725	marked
-16729689175	Vieux	bk	Kɔrɔ													43725	essentiel
-16729707913	Ceux la	bk	Nunugu / nunu													43725	essentiel
-16979630904	Viens ici!	bk	Na yan!													43725	phrase
-16979685475	Demande lui	bk	A ɲini ka													43725	phrase
-17134557414	Ville / Région	bk	Dugu													43725	essentiel
-17233297689	Pauvre		Fangan tan / Fangan t'a la	CIV	Cɛ nin fangan tan lo.	Faniɲa / Fantan	BFA									43725	gens marked
-17233337994	Homme riche	bk	Nafolotigi			wari tigi										43725	gens
-17233546115	Changer	bk	Yɛlɛma													43725	v
-17233891349	Que dieu fasse que les enfants grandissent	bk	Ala ye denmisɛnw balo													43725	phrase
-17234019882	Que dieu diminue les soucis	bk	Ala ye haminan koo nɔgɔya													43725	phrase
-17234126057	Longue vie et santé	bk	Si ni kwɛnɛya													43725	phrase
-17234185036	Épreuve / Crise / Difficulté / Tentation	bk	Gwɛlɛya													43725	marked
-17234242456	Richesse	yq	Nanfolo			Nafolo										43725	
-17508233029	Pas de maladie est l'ami de l'homme.	bk	Banan tɛ mɔgɔ teri ye.													43725	phrase
-17508246419	Arrêter / Construire	bk	Lɔ													43725	v
-17508277250	Nombreux	yq	Cayala			(ka) Ca										43725	
-17508334753	En tout cas!	bk	Akɔnii!													43725	phrase
-17508347819	Encore	yq	Tuguni			Tugu										43725	essentiel marked
-17508390259	Chef	bk	Ŋamɔgɔ													43725	gens
-17509100479	Maladie	yq	Bana													43725	santé
-17509221102	À Bouaké on doit parler Jula.	bk	Bouake kɔnɔ an ka kan ka julakan fɔ.													43725	phrase
-17509277263	Je dois...	bk	N ka kan ka...													43725	phrase
-17509316697	Je peux...	bk	N be se ka...													43725	phrase question
-17509603056	Qu'est-ce que tu as dit?	bk	I ka mu fɔ?			I ka mu lo fɔ?										43725	phrase question
-17509681716	As-tu dit quelque chose?	bk	I ka dɔ fɔ wa?													43725	phrase
-17509773102	Deuxième nouvelle (un peu en dessous)	bk	Dɔɔni be a kɔrɔ													43725	phrase
17834855115	Lourd	yq	Gwili													43725	essentiel
-17944876358	Construire	bk	Lɔ			Dilan										43725	v
-17945360773	Page	yq	Sɛbɛ ɲɛɛ													43725	
-18161797927	Champ de riz	bk	Malo foro													43725	
-18161840020	Marché africain	bk	Farafin lɔgɔ													43725	
-18161892064	Haricot	yq	Sɔsɔ													43725	nourriture
-18161991914	Que dieu ait pitié de lui!	bk	Ala ye hine a la													43725	phrase
-18162015864	Chef du village	bk	Dugutigi													43725	essentiel gens
-18162051855	Chef d'état	bk	Jamana kuntigi													43725	
-18162100858	Nouvelles	bk	Kibaro													43725	
-18162364837	Accompagner	yq	Blasira		example	Bilasira…la										43725	v
-18162548526	Ils ont le palu	bk	Sumaya be yen o la													43725	phrase
-18162625383	Frère	bk	Balimancɛ													43725	essentiel gens
-18162663818	Monnaie		Wari misɛn													43725	essentiel
-18434267659	Fièvre	yq	Farigwan			Farigan										43725	santé
-18434296505	Mal de tête	bk	Kun dimi		N kun Koko be dimi.											43725	corp
-18434366707	Paludisme	bk	Sumaya dimi													43725	santé
-18512229590	Ensemble	kodi	Ɲɔngɔn fɛ		An be ɲɔgɔn fɛ											43725	essentiel
-18512251732	Prochain / À venir	yq	Nata													43725	essentiel
-18512314835	Étudiant	yq	Lakoliden			Kalanden										43725	gens
-18766567636	Perdre	bk	Tunu													43725	v
-18766759486	Partout	yq	Yɔrɔ bɛɛ													43725	essentiel
-18766798266	Chercher	yq	Ŋini													43725	v
-18767289424	Cahier / papier	bk	Sɛbɛ													43725	essentiel
-19139389977	Lait caillé	bk	Nɔnɔ kumu													43725	nourriture
-19139440581	Gingembre	bk	Ɲamaku													43725	nourriture
-19139454040	Fruit	bk	Yiriden													43725	
-19139521467	Arbre / bois	yq	Yiri													43725	
-19139544883	Vélo	yq	Nɛgɛso													43725	
-19139632939	Fer		Nɛgɛ (n)													43725	essentiel
-19139757608	Endroit	kodi	Yɔrɔ													43725	essentiel
-19139843034	Demander / prier	bk	Daari			Deli										43725	marked v
-19139873076	Coq	yq	Dɔndɔn													43725	animal
-19139899404	Commerçant	bk	Jagokɛla			Ferekɛla										43725	gens
-19139923953	Cochon	bk	Kɔkɔti													43725	animal bouake
-19139969925	Citron	bk	Lenburu kumu													43725	nourriture
-19140002611	Chiot	bk	Wuluden													43725	animal
-19140085269	Chemin	bk	Sira													43725	essentiel
-19140257313	Assiette	bk	Tasa													43725	essentiel
-19140267857	Arachide	yq	Tiga			Tigɛn										43725	nourriture
-19338911167	Cest le prix	bk	A sɔngɔ lo													43725	phrase
-19338985231	Le prix est cher	bk	A sɔngɔ ka ca													43725	phrase
-19339865406	Combien côute les oignons	bk	Jaba ye joli													43725	phrase
-19339921610	Aubergine	bk	Gɔyɔ													43725	nourriture
-19754582047	Bonne soirée	bk	Ala ya wula nɔgɔya	CIV		Ala ka wula nɔgɔya	MLI									43725	phrase
-20534178906	Abattoir	bk	Misifaga yɔrɔ													43725	
21895485548	Allons	bk	An ya taga.	CIV				An ka taga.	MLI							43725	phrase
21895511963	Arretes-toi	bk	Ile lɔ													43725	phrase
22159347319	Avant de / que	yq	Kasɔrɔ ka		i bɛ i tɛgɛ ko kasɔrɔ ka domuni kɛ.	Ka sɔrɔ										43725	marked
22159392751	Sinon	yq	N'o tɛ		Nan jonan n’o tɛ n bɛna taga!											43725	
22159414639	Mais	bk	Nka			nga										43725	
22159427790	Pour cela	bk	O kosɔn													43725	
22159483862	Avant que	kodi	Sani		Sani i facɛ ye nan, i ka kan ka yɔrɔ labɛn.											43725	marked
22161653911	Ce n'est pas ça / lui	bk	Ale tɛ													43725	phrase
22488632402	C'est l'homme qui fait l'homme	bk	Mɔgɔ be yen mɔgɔ kɛ mɔgɔ ye													43725	phrase
24580719515	Depuis	bk	Kabini		Kabini a nan na a ma a bamuso ye.											43725	
24580780075	Si	yq	Ni...			Mana										43725	bambara unbouake
2476966392	Criquet / Sauterelle	bk	Tɔɔn			Ngreni	bke			Jolon						43725	animal marked
2476995342	Griot	bk	Jeli													43725	
2477221638	Explication		Sɛgɛsɛgɛli													43725	
25096152763	Prier / Demander	kodi	Seli			Dari		Dari		Deli						43725	v
25097016718	Écrire	yq	Sɛbɛli kɛ													43725	v
-25299906327	Bonne journée	bk	Ala ye bi nɔgɔya			Ala bi diya										43725	phrase
-25714836626	Petit enfant	yq	Denmisɛn			Denmisɛnin										43725	essentiel
-25714963738	Machette	bk	Bese													43725	essentiel
-25714986524	Couteau	yq	Muru													43725	essentiel
-25715028728	Canari	kodi	Daga													43725	essentiel
-25715063327	Non	bk	Ɔn ɔn			ayi										43725	essentiel question
-25715138543	Oui	yq	Ɔnhɔn													43725	essentiel question
-25715160808	Quoi	bk	Mun													43725	question
-25715223912	Est-ce que...	bk	...wa													43725	essentiel question
-25715308632	C'est	bk	Lo													43725	essentiel
25810073427	Nourrir / Vivre / Élever	bk	Balo	(v)	A be balo la											43725	v vi
26490304959	Déchirer	bk	Farafara			Faran										43725	v
26490383932	Ce n'est pas pour moi	bk	N ta tɛ													43725	phrase
26490421635	C'est à moi	bk	N ta lo	CIV		N ta don	MLI									43725	phrase
26568426171	Fais le venir.	bk	Taa a la na.													43725	bouake phrase
26641994456	Douter	yq	Siga		Siga t'a la											43725	essentiel v
-26807921802	Pardonner		Yafa	Yafa... ma												43725	v
-26935477634	Affaire bon	bk	Koɲuman													43725	
-26935497994	Affaire mauvais	bk	Kojugu													43725	
-26935523175	Affaire	bk	Koo													43725	essentiel
26986729853	Pour sa part / quant à	kodi	Kɔni													43725	
-27001294005	Bonne route (arrivé / retour)	bk	Ala y'a ɲuma nan													43725	phrase
-27001359839	Bonne route (arriver)	bk	Ala y'a ɲuma se													43725	marked phrase
-27012867677	Je veut te montrer quelque chose	bk	N' be fɛ  ka fɛn dɔ yira i la													43725	phrase
27201819760	Arrête !	bk	A dabla !	CIV		A to !										43725	phrase
27205737326	Oeil		Ɲakili	CIV		Ɲakise	BFA	ɲɛ	bm	Ɲakile						43725	corp
27206246061	Lutter		Kɛlɛ	CIV		Bondori	BFA									43725	marked
27206395649	Foi		Lanaya													43725	
27206473406	Quelle heure / quand	bk	Tuma juman	CIV		Wagati juman	BFA									43725	calendrier question
27206573736	Ou bien	bk	Wala	CIV		Walama	BFA	Walima								43725	
27207485786	Pourquoi ?	bk	Mu na?			Mun kosɔn?										43725	question
27249273076	Voir	yq	Ye (v.)		I ka mobili ye											43725	vt
-27410066336	Bonne nuit	bk	Ala an bɔ su la													43725	marked phrase
-27414022752	Discussion	bk	Baro (n.)													43725	essentiel
-27502629559	Louer	bk	Tando													43725	v
-27502669907	Toujours	yq	Bele													43725	marked
27767656744	Ananas	bk	Jabibi	MLI												43725	nourriture
27768736655	Guêpe	yq	Dondoli													43725	animal
27768736657	Fourmi ailée	yq	Dugumani siman													43725	animal
27768736661	Lionceau	yq	Jaraden	civ		Waraden	mli									43725	animal
27768736662	Corbeau	yq	Kaankaan													43725	animal
27768736663	Loup	yq	Kongo wulu					Lu	MLI							43725	animal
27768736666	Mouche	yq	Limɔgɔ													43725	animal
27768736668	Veau	yq	Misiden													43725	animal
27768736670	Agneau	yq	Sagaden													43725	animal
27768736671	Éléphant	yq	Sama													43725	animal
27768736672	Poulet	yq	Sisɛ	CIV		Sɛsɛ	BFA									43725	animal
27768736675	Moustique	yq	Soso													43725	animal
27768736676	Singe	yq	Sula													43725	animal
27768736677	Grenouille	yq	Tɔri sen jan	CIV		Tɔri	BFA	Ntɔri	MLI							43725	animal
27783419432	Bénin	yq	Benɛn													43725	geo
27783419593	Discours / Enseignement	jl 3	Kalan													43725	wt
27809169043	Humilité / Modestie	yq	Majigilenya													43725	
27809169044	Poing	yq	Bolokuru					bolokurun	bm							43725	corp
27809169045	Barbe	yq	Bonbonsi					Boonsi	bm							43725	corp
27809169046	Salive	yq	Daji													43725	corp
27809169047	Haleine	yq	Dakasa													43725	corp
27809169048	Utérus	yq	Denso													43725	corp
27809169049	Thorax	yq	Disikolo													43725	corp marked
27809169050	Pénis	yq alasane	Fɔrɔ			Sogoni										43725	corp
27809169051	Épaule	yq	Gama					Kama	bm							43725	corp
27809169052	Cou / Gorge&amp;amp;amp;nbsp;	yq	Kaan		need example			Kan / Kankala	bm							43725	corp
27809169053	Nuque	yq	Kaankala					tɔn	bm							43725	corp
27809169054	Genou	yq	Kunbiri kun			Kunbiri		Kunbere	bm							43725	corp
27809169056	Vache	yq	Misi muso													43725	animal
27809169057	Yeux	yq	Ɲadenw			Ɲɛw		Ɲɛdenw								43725	corp
27809169058	Uriner	yq	Ɲɛgɛnɛ													43725	corp
27809169059	Dent	yq	Ɲiin					ɲi	bm							43725	corp
27809169060	Poil	yq	Sii					Sin	bm							43725	corp
27809169061	Paume	yq	Tɛgɛ	BFA		Tigɛ	MLI	Tigɛ								43725	corp
27946171920	Enceinte	yq	Kɔnɔman		A kɔnɔman lo											43725	santé
27946171921	Indifférent	yq	A tɛ  mako don													43725	
27946171923	Dans nos régions	yq	An ka mara la													43725	marked
27946171924	Nous en avons besoin pour...	yq	An mako b'a la ka...													43725	marked
27946171925	Ampoule	yq	Anpuli													43725	santé
27946171926	Envelope	yq	Anwolopu													43725	
27946171927	Avion	yq	Aviyɔn													43725	
27946171928	Travail / Tâche	yq	Baara	(n.)												43725	essentiel
27946171930	Adulte	yq	Baliku													43725	gens marked
27946171933	Microbe	yq	Banakisɛ													43725	santé
27946171934	Maladie contagieuse	yq	Banayɛlɛmata													43725	santé
27946171935	Naître / Reproduire (enfants)	yq	Bange			Wolo		Wolo								43725	santé
27946171936	Parent	yq	Bangebaga													43725	gens
27946171937	Stérilité	yq	Bangekɛbaliya													43725	santé
27946171938	Fécondité	yq	Bangeli													43725	santé
27946171939	Neveu	yq	Belen			Dɔgɔnin dencɛ										43725	gens
27946171940	Oncle maternelle	yq	Belencɛ													43725	gens
27946171941	Cousin	yq	Belenden													43725	marked
27946171942	Abandonner	yq	Bila													43725	v
27946171943	Accueillir / Souhaiter la bienvenue	yq	I dan se			Bisimila										43725	v
27946171944	Selles / Excréments	yq	Bo													43725	corp
27946171947	Vaccination	yq	Boloci													43725	santé
27946171948	Circoncision / Excision	yq	Boloko			Kɛnɛkɛnɛ				Bolo koli						43725	santé
27946171949	Bien rasé	yq	Bonbosi li koɲuman													43725	santé
27946171950	Plaie	yq	Bonɛ													43725	santé
27946171951	Élargir / Grandir Vénérer / Respecter	yq	Bonya (v.)													43725	v
27946171952	Honneur / Respect	yq	Bonya (n.)													43725	
27946171953	Peuple / Descendance	yq	Bɔnsɔn			Jama		Jama								43725	gens
27946171954	Centre / Milieu	yq	Camancɛ		A bla a camancɛ la											43725	essentiel
27946171955	Ramasser / Rassembler	yq	Cɛ			Lajɛn		Lajɛn								43725	v
27946171956	Célibataire (homme)	yq	Cɛ gwanna													43725	gens
27946171957	Homme / Mâle / Mari	yq	Cɛɛ			Cɛman										43725	gens essentiel
27946171958	Vieux (homme)	yq	Cɛkɔrɔba													43725	gens
27946171959	Vieillard	yq	Cɛkɔrɔnin													43725	gens
27946171960	Porte	yq	Daa			Koon		Koon								43725	marked
27946171961	Limite / Fin / Extrémité	yq	Daan			Danyɔrɔ				Dan na		A ka misɛn				43725	marked
27946171962	Limiter	yq	Daan bɔ													43725	v
27946171963	Mettre fin	yq	Daan sigi													43725	v
27946171964	Sevrage	yq	Dabɔli													43725	corp
27946171965	Accomplir / Comptéter / Réaliser	yq	Dafa													43725	v
27946171966	Voyelle	yq	Dafanin													43725	
27946171967	Consonne	yq	Dafata													43725	
27946171969	Fermer / Enfermer / Couvrir	yq	Tugu			Datugu										43725	v
27946171970	Aider / Assister	yq	Dɛmɛ													43725	v
27946171971	Soutien / Aide	yq	Dɛmɛli													43725	
27946171972	Berger	yq	Dɛndɛbaga			Misigɛna		Misigɛna		Sagadɛndɛna						43725	gens
27946171973	Plaire	yq	Diya mɔgɔ ye													43725	v
27946171974	Chasseur	yq	Doso			Donso										43725	gens
27946171975	Musicien	yq	Dɔnkilidala													43725	gens
27946171976	Seulement	kodi	Dɔrɔn													43725	essentiel
27946171977	Villageois	yq	Dugumɔgɔ													43725	gens
27946171978	Voyageur	yq	Dugutagala													43725	gens
27946171979	Douanier	yq	Duwaɲɛcɛ													43725	gens
27946171980	Chef corp habille	yq	Faama													43725	gens
27946171981	Pauvres	yq	Faantanw													43725	gens
27946171982	Papa	yq	Baba													43725	gens
27946171983	Frère / Demi-frère	yq	Faden													43725	gens
27946171985	Tueur	yq	Fagalikɛla													43725	gens
27946171986	Orphelin	kamagate	Feretani	BKE		Falatɔ	BFA									43725	gens
27946171987	Vers (n)	bk	Tumu													43725	animal marked
27946171989	Tailleur	yq	Fanikalanla													43725	gens
27946171990	Ajouter		Fara (v)		ka fara o kan											43725	v
27946171991	Pharmacien	yq	Faramasiɲɛ													43725	gens
27946171992	Corps	yq	Fari					Fari	bm							43725	corp
27946171994	Athlète / Sportif	yq	Farijola			Farikoloɲanagɛla		Farikoloɲanagwɛla								43725	gens marked
27946171995	Perfusion	yq	Farilajidon													43725	santé
27946171996	Citoyen	yq	Fasoden													43725	gens
27946171997	Fou	yq	Fatɔ													43725	gens
27946171998	Vendeur	yq	Feerelikɛla													43725	gens
27946171999	Trébucher	yq	Fili													43725	v
279461720004	Peste	yq	Finyɛbana			Bana yɛlɛmata		Bana yɛlɛmata								43725	marked santé
27946172002	Aveugle	yq	Fiyɛntɔ													43725	gens santé wt
27946172003	Manquer	yq	Fɔn		need example											43725	v
27946172004	Médicament	yq	Fila	CIV		Fura	MLI									43725	santé
27946172005	Soigner	yq	Fura	(v.)												43725	santé v
27946172006	Meilleurs soins	yq	Furakɛcogo fisamanw													43725	santé
27946172007	Epoux / Mari	yq	Furucɛ													43725	gens
27946172008	Conjoint	yq	Furuɲɔgɔnma													43725	gens
27946172009	Mariés	yq	Furuɲɔgɔnman													43725	gens
27946172010	Ville voisine	yq	Gɛrɛfɛ dugu													43725	
27946172011	Secret	yq	Gundo													43725	
27946172012	Chauffer	yq	Gwan	(v.)	A gwana											43725	vi
27946172013	Gratuit		Gwansan													43725	essentiel
27946172014	Dûr / Solide	yq	Gwɛlɛ													43725	essentiel
27946172017	Tiens !	yq	Hɔn!													43725	essentiel
27946172018	Honnêteté	yq	Hɔɔronya													43725	
27946172019	Déshabiller (se)	yq	faniw bɔ													43725	v
27946172020	Besoin (v)		Mako		N Mako b'i la											43725	v
27946172021	S'assécher / Sécher	yq	Ja (v.)													43725	v
27946172022	Commerce	yq	Jago			Jagokɛyɔrɔ										43725	
27946172023	Affaire commerciale	yq	Jagoko													43725	
27946172025	Accuser, Condamner	yq	Jalaki													43725	v
27946172027	Descendre / Espérer	yq	Jigi		N jigi b'a la.											43725	v
27946172028	Encouragement	yq	Jijali													43725	
27946172029	Effort sérieux	yq	Jijali sobɛ													43725	
27946172030	Jeans	yq	Jini													43725	
27946172031	Blessure	yq	Madimida			Joginda										43725	marked santé unbouake
27946172033	Dessous / Sous		Jukɔrɔ			Dugu ma		Duguman								43725	essentiel
27946172034	L'eau favorise la santé		Jii be kɛnɛya di													43725	phrase santé
27946172035	Vacciner	yq	Ka boloci													43725	santé
27946172036	En outre / Par ailleurs / Ensuite	yq	Ka fara o kan			Fan wɛrɛ fɛ										43725	essentiel
27946172037	Rappeler (se)	yq	Ka hakili jigi													43725	v
27946172038	Être naturel	yq	Ka kɛ i yɛrɛ ye													43725	phrase
27946172039	Analyser	yq	Ka sɛgɛsɛgɛ (ka filɛ)													43725	v
27946172040	Ralentir	yq	Ka sumaya													43725	v
27946172041	Résister	yq	Ka to kelen kan			Lafasa		Lafasa								43725	v
27946172042	Cuisiner	yq	Tobili kɛ													43725	v
27946172044	Méningite	yq	Kanjabana													43725	santé
27946172045	Enseignant	yq	Karamɔgɔ													43725	gens
27946172046	Carte	yq	Karti													43725	
27946172047	Sentir	yq	Kasabɔ													43725	v
27946172048	Accident	yq	Kasara													43725	
27946172049	Pleurer	yq	Kasi													43725	v
27946172050	Devenir	yq	Kɛ ... yɛ													43725	v
27946172051	Livre	yq	Gafe													43725	v
27946172052	Exciser	yq	Kɛnɛ-kɛnɛ			Kɔrɔ		Siginɛgɛ								43725	santé
27946172053	Santé	yq	Kɛnɛya		A be kɛnɛya di											43725	santé
27946172054	Juge	yq	Kititigɛla			Kitibaga										43725	gens marked
27946172055	Annoncer	yq	Ko fɔ													43725	v
27946172056	Nord	yq	Kɔgɔdugu yan fan fɛ													43725	
27946172057	Rivière	yq	Kɔji													43725	geo
27946172058	Puit	yq	Kɔlɔn													43725	
27946172059	Prendre garde / Prêter attention	yq	Kɔrɔsi		ka dusubɔ kɔrɔsi	Kɔlɔsi										43725	v
27946172061	Diarrhée	yq	Kɔnɔboli													43725	santé
27946172062	Avortement	yq	Kɔnɔcɛn													43725	santé
27946172063	Couple	yq	Kɔɲɔcɛ ni kɔɲɔmuso													43725	gens
27946172064	Mariée	yq	Kɔɲɔmuso													43725	gens
27946172065	A l'Est	yq	Kɔrɔn fɛ													43725	
27946172068	Vieillesse	yq	Kɔrɔya													43725	santé
27946172069	S'écrier / Crier	yq	Kule			Ka kule										43725	v
27946172070	Cri	yq	Kulekan													43725	
27946172071	Parole	yq	Kuma (n)													43725	essentiel
27946172072	Mots	yq	Kumadenw			Daɲɛw										43725	
27946172073	Phrase	yq	Kumasen													43725	
27946172074	Lèpre	yq	kunatɔ			Kuna		Kunatɔbana								43725	santé
27946172077	Délivrer / Racheter	yq	Kunmabɔ			Kisi		Kisi		Hɔɔɔrɔnya		Labɔ				43725	v
27946172078	Chef, propriétaire	yq	Kuntigi			Tigi		Tigi								43725	gens
27946172080	Conseiller	yq	Ladi													43725	v
27946172081	Suggestion / Conseil / Recommandation	yq	Ladili													43725	v
27946172082	Raconter / Relater	yq	Lakali													43725	v
27946172083	Camarade de classe	yq	Lakɔli filankuru													43725	gens
27946172084	À l'école	yq	Lakɔli la													43725	phrase
27946172085	Venir (faire)	yq	Lana													43725	v
27946172086	Annuler	yq	Lasa			Dabila		Dabila								43725	v
27946172087	Avertir	yq	Lasɔmi													43725	v
27946172088	Comprimé	bk	Filakise													43725	gens
27946172089	Gérant d'hôtel	yq	Lotɛlitigi													43725	gens
27946172090	Apaiser	yq	Mada			Dusu Mala		Dusu Mala								43725	v
27946172091	Rabaisser	yq	Mafiɲɛya													43725	v
27946172092	Maman	yq	Mama													43725	gens
27946172093	Petit-fils	yq	Mamaden													43725	gens
27946172094	Grand-mère	yq	Mamamuso													43725	gens
27946172095	Fiancer	yq	Maminɛ													43725	gens marked
27946172096	Million	yq	Miliyɔn													43725	chiffre
27946172097	Centaines de millions	yq	Miliyɔn kɛmɛ-kɛmɛ													43725	chiffre
27946172098	Soif		Minlɔgɔ	CIV	Ji minlɔgɔ be na	Minnɔgɔ	BFA									43725	
27946172099	Automobiliste	yq	Mobilitigi													43725	gens
27946172100	Meurtrier	yq	Mɔgɔ fagala													43725	gens
27946172101	Prochain (personne)	yq	mɔgɔɲogon													43725	gens
27946172102	Endurer	yq	Muɲu			Kɛlɛ										43725	marked v
27946172103	Rebeller (se)		... muruti... ma		Muruti mɔgɔ ma											43725	marked v
27946172104	Veuve	yq	Muso cɛ salen			Firiyamuso										43725	gens
27946172105	Célibataire (femme)	yq	Muso gwanna													43725	gens
27946172106	Bonne épouse / femme	yq	Muso ɲuman													43725	gens
27946172107	Affaiblir	yq	Nagasi													43725	v
27946172109	Larme	yq	Ɲaji			Ɲɛji		ɲɛji	bm							43725	corp
27946172110	Questionner	yq	Ɲiningan													43725	v
27946172111	Plaindre (se)	yq	Ŋuna			Ŋunuŋunu		Ŋunuŋunu		Dajukɔrɔ kuma fɔ						43725	v
27946172112	Patron	yq	Patɔrɔn													43725	gens
27946172113	Permis (de conduire)	yq	Pɛrɛmi													43725	
27946172114	Acheter		San	v												43725	essentiel v
27946172115	Sain	yq	Saniman													43725	santé
27946172116	Hygiène / Propreté	yq	Saniya													43725	santé
27946172117	Siècle	yq	Sankɛmɛkulu													43725	calendrier
27946172118	Ciel	yq	Sankolo													43725	
27946172119	Arc en ciel	yq	Sanmuru			Ala ka muru										43725	
27946172120	Tonnerre	yq	Sanpɛrɛ													43725	
27946172121	Payer	yq	Sara (v.)													43725	v
27946172123	Répéter	yq	Fɔ tugu													43725	essentiel
27946172124	Voisin	yq	Sigiɲogon													43725	gens
27946172125	Cohabitant	yq	Sigiɲɔgɔw													43725	gens
27946172126	Peur (n)	yq	Siranya													43725	
27946172127	Maintenant / Tout de suite	yq	Sisan			Sisan sisan										43725	essentiel
27946172128	Partager	yq	Son			Tilan		Tilan								43725	v
27946172129	Tuberculose	yq	Sɔgɔsɔgɔgwɛ													43725	santé
27946172130	Crapeau		Tɔri	CIV												43725	animal
27946172131	Soldats	yq	Sɔrɔdasiw													43725	gens
27946172132	Palu	yq	Sumaya		Sumaya be a la											43725	santé
27946172133	Bouton / Furoncle	yq	Suguni			Sumunin										43725	santé
27946172134	Prendre	yq	Ta													43725	v
27946172135	Partez d'ici	yq	Ta ka bɔ yan.													43725	phrase
27946172136	Aller / Partir	yq	Taa			Taga		Taga								43725	v
27946172137	Feu	yq	Tasuma			Ta	(n)									43725	
27946172138	Véritable ami	yq	Teri sɔbɛ													43725	gens
27946172139	Bras / Main	yq	Bolo													43725	corp
27946172141	Couper / Traverser	yq	Tigɛ													43725	v
27946172142	Découper	yq	Tigɛtigɛ													43725	v
27946172143	Propriétaire	yq	Tigitigi			Tigi										43725	gens
27946172144	Achever / Terminer / Finir (un travail)	yq	Tila													43725	v
27946172145	Jour / Soleil	yq	Tere	CIV		Tere	BFA	Tile	MLI	Lon						43725	essentiel
27946172146	Ouest	yq	Tileben													43725	
27946172147	Est (point cardinal)	yq	Tilebɔ			Kɔrɔn fɛ		Kɔrɔn								43725	
27946172148	Sucrer	yq	Timi		Need hint											43725	marked v
27946172149	Accoucheuse	yq	Tinminɛla													43725	gens
27946172150	Tee-shirt	yq	Tiriko													43725	
27946172151	Éternuer	yq	Tiso													43725	santé
27946172152	Langue des signes	yq	Tulogwɛlɛnw ka kumacogo													43725	
27946172153	Arrière petit fils	yq	Tulomasama													43725	gens marked
27946172155	Appeler	yq	wele			Kiri		Kiri		weele						43725	v
27946172156	Bouillir	yq	Wili wili													43725	v
27946172157	Trier	yq	Woloma													43725	v
27946172158	Sud	yq	Worodugu yan fan fɛ													43725	
27946172159	Charpentier	yq	Yiri gwingwila	BKE		Yiri dɛsɛla										43725	gens unbouake
27946172160	Sculpteur	yq	Yirilɛsɛla													43725	gens
27946172161	Journaliste	yq	Zurunali sɛbɛrikɛla													43725	gens
28035546765	Ajuster / Aplanir / Niveler	yq	Dakɛɲɛ													43725	v
28035546766	Depuis 16 ans	yq	A saan 16 ye nin ye													43725	v
28299761196	Il est venu ici.	bk	A nan na yan.													43725	phrase
28364392934	Nous sommes dans la main de Dieu.	alasane	An be Ala bla la.													43725	phrase
28365516628	Ongle	alasane	Bolo sɔɔni					Sɔni / Sɔnìfara	bm							43725	corp
28366095760	Testicules	alasane	Belekili													43725	alasane corp
28366286693	Sourcis / Cil	alasane	Ɲa sii			Ɲɛ sii		Ɲɛkonkonasi	bm							43725	alasane corp
28366354150	Paupière	alasane	Ɲa fara					Ɲɛfara / Ɲɛwolo	bm							43725	alasane corp
28366446248	Pupille	alasane	Ɲakiseden													43725	alasane corp
28366622927	Heure	yq	Lɛri													43725	calendrier
28366846362	Pomme d'Adam	alasane	Kaan file file													43725	alasane corp
28367029046	Sein	alasane	Siin					Sin	bm							43725	corp
28367076607	Poitrine	alasane	Disi			Disikolo		Disi,kɔgɔ	bm							43725	corp
28367283754	Casser	alasane	ci	vitre pneu bois		kare										43725	alasane
28367609785	Vesicule bilaire	alasane	kuna kuna						bm							43725	alasane corp marked
28367778141	Intestins	alasane	Kɔnɔ nogo					Nugu	bm							43725	alasane corp
28367944447	Nombril	alasane	Bara kun	CIV		Kɔnɔbara										43725	corp marked
28367971257	Veine	source	Joli sira					Jolifìnsira	bm							43725	corp marked
28368107720	Sang	alasane	Joli (n.)	(n.)				Joli / Basi	MLI							43725	corp
28368192363	Levres	alasane	Dagwolo					Dawolo	bm							43725	alasane corp
28368284086	Langue (corps)	alasane	Nɛɛn			Nɛɛnkun										43725	corp
28368362045	Fesse	alasane	Bobara					jùkuna,jùmugu	bm							43725	corp
28368415340	Cerveau	alasane	Kun nɛɛn			Zɛmɛ	abidjan	kùnkòlòsɛmɛ,kùnkòlòsɔmi	bm							43725	corp
28368659410	Piqure	alasane	Kuru													43725	
28368841297	Crâne	alasane	Kun kolo					Kunkolo / Kunkolofilen	bm							43725	corp
28368987505	Machoire	alasane	Dagwana					Dakolo / Dagɛlɛkɛ	bm							43725	alasane corp
28369148070	Moustache	alasane	Nun sii	CIV				Dalasi / Nukɔrɔsi	bm							43725	corp
28370590572	Gros coeur (qui se fâche facilement)	alasane	Dusuba													43725	alasane
28371300085	L'homme a une jambe	alasane	Cɛ sen kele nin													43725	alasane corp
28382876273	Jusqu'aujourd'hui	yq	Hali bi													43725	essentiel
28382876274	Banane	yq	Baranda			Namasa	MLI									43725	nourriture
28382876275	Beignet de haricot	etb	Sɔsɔ furu	CIV		Faaro	BFA									43725	nourriture
28382876276	Bouillie / Poison	yq	Baga													43725	nourriture
28382876277	Bouillon	yq	Nanji													43725	nourriture
28382876278	Café	yq	Kafe													43725	nourriture
28382876279	Condiments	yq	Nanfɛnw													43725	nourriture
28382876281	Foie	yq	Biɲɛ					biyɛn	bm							43725	corp
28382876282	Galette	ebt	Farin	CIV		Ɲɔmi	BFA									43725	marked nourriture
28382876283	Huile	ebt	Tulu													43725	nourriture
28382876284	Il s'est exclamé que	yq	A kabara k'a fɔ ko													43725	phrase
28382876285	Il s'est exclamé:	yq	A kabara ko:													43725	
28382876286	Jeune filles	yq	Sunguruw													43725	
28382876287	Jeunes garçons	yq	Kamalenw			Kanbelew										43725	marked
28382876288	Jeunes	yq	Funankew													43725	marked
28382876289	Pain	yq	Buru													43725	nourriture
28382876290	Sauce	yq	Nan	(n.)												43725	nourriture
28382876291	Sel	yq	Kɔgɔ													43725	nourriture
28382876292	Un / Seul	bk	Kelen													43725	essentiel
28382876293	Sorgho	yq	Binbiri													43725	nourriture
28382876294	Ventre / Intérieur	yq	Kɔnɔ (n)	(n.)	Kɔnɔ bori											43725	corp
28382876295	Viande	yq	Sogo													43725	nourriture
30110950854	Effort pour qu'ils ne te trouvent pas		Jija Kana to o b'i sɔrɔ		Jija Kana to o b'i sɔrɔ											43725	
30111284369	Bon retour	kamagate	Ala y'a ɲuma segi													43725	
30111789607	Quelques rares fois	kamagate	Tuma dama dama			Tuma kelen kelen										43725	
30113296305	D'ici peu / Bientôt		Yani dɔɔni													43725	
30113742890	Oublier		Ɲini													43725	
30116592468	Repas de midi	kamagate	Terela												30116592468	43725	
-31737613286	Sur	kodi	Kan													43725	essentiel
-31737677739	À côté de	yq	Gɛrɛfɛ													43725	
-31737738050	La-bas	bk	Yan fɛ ye													43725	marked
-31737763795	Au dessus / sur	bk	Kun na													43725	
-31737841068	En bas / par terre	bk	Dugu man													43725	essentiel
-3222246334	De temps en temps	bk	Tuma dɔw													43725	marked
-32946315944	argent		wari													43725	essentiel
3317696881	C'est mieux.	bk	A ka fisa.													43725	phrase
-3421980794	À cause de cela...	bk	O lo kama...													43725	phrase
-34269420531	Endurer / persévérer	bk	Sɔmina													43725	v
-3582266273	Promesse	yq	Layiri			Layidu		Dajuru								43725	marked
3661703856	Endurance		Muɲuli													43725	wt
3670486778	Aigle	bk	Segɛn													43725	animal
3670506647	Hippopotame	bk	Meeri	CIV				Mali	MLI							43725	animal
3670546453	Chèvre de montagne	bk	Kongo baa													43725	animal
3670593377	Crocodile	bk	Bamba													43725	animal
3671015070	Caffard	bk	Ɲɛmbɛrɛ													43725	animal bouake
-3743863285	Humilier	bk	Maroya	Est-ce un nom ou verbe?												43725	bouake marked v
-3743945078	Homme orgeuilleux		Kuncɛba													43725	
3747847407	Peur (v)	yq	Siran					Jatigɛ	startled							43725	v
3748239431	Il est dit que...	bk	A fɔra ko...													43725	phrase
375552551234	Imiter / Refléter	jl 17	Ladegi			Ladegi		Ladege								43725	marked v wt marked v wt marked v wt marked v wt
3755525512	Vers (p)		Fan fɛ													43725	animal
3755562597	Chameau	yq	Ɲɔgɔmɛ													43725	animal
3755666635	Papillon	bk	Firinfirin													43725	animal marked
37787611568	Marmite		Nɛgɛdaga													43725	
3827656569	Habituer		Degi		N be degila											43725	marked
3827696317	Eau	yq	Jii		Jii be kɛnɛya di											43725	essentiel
3845946176	Attendre	yq	Kɔnɔ (v)	(v.)		Makɔnɔ		Kɔnɔni kɛ								43725	marked v
-3849934239	Musa n'est pas allé à korhogo	bk	Musa ma ta korhogo													43725	phrase
-3849952656	Petite soeur	bk	Dɔgɔmuso													43725	essentiel gens
-3849977637	Petit frère	bk	Dɔgɔcɛ													43725	essentiel gens
-3849997403	Grande soeur	yq	Kɔrɔ muso													43725	gens
-3850035477	Grand frère	yq	Kɔrɔ cɛ													43725	gens
-3852135199	Arriver	bk	Se													43725	v vi
-3852205822	Ce jour-la	bk	O loon													43725	calendrier
38912413143	Protégeṛ̱	wt 1810	Latanga			... ka tanga... ma	jl 15	tanga					ÖG̈G			43725	
39597583385	Entendre		Lamɛn		N k'i lamɛn	Mɛn		Mɛnni kɛ								43725	v
39805608170	Orange		Lenburu													43725	nourriture
3b7839e0-090d-4ddd-8173-0774e783aa97	Protéger / Couvrir / Soutenir	yq	Sutara		Ala i sutara											43725	
40026202749	Voleur		Sɔn			Soncɛ		Sonyalikɛla								43725	
-4003352986	Continue / vas-y	bk	A kɛ dɔrɔn			Taga a fɛ		Taga a man								43725	bouake
-4005544967	Devoir	bk	Ka kan ka													43725	essentiel
40284254243	Grand (eur)		Bon	(adj.)	Ala ka bon											43725	
-40318372109	Alors / Puis / Maintenant / Donc	bk	Ayiwa...													43725	essentiel
40321636200	Unité	mwb	Kelenya													43725	
40322027585	Demande-toi	mwb	I yɛrɛ ɲininga ko													43725	phrase
403627311	Commencer	yq	Dabɔ (v)			Daminɛ (v.)		Damina								43725	v vi
403694429	Cesser / abandonner / Arrêter / Laisser	bk	Dabla			To										43725	bouake marked v
40379018800	Manger		Domu		Kunu, n ka jɛgɛ domu. / N ka domuni kɛ.	Domuni kɛ										43725	vi vt
40399670729	Je compte sur toi		N jigi b'i kan													43725	phrase
407185730834	Visage		Ɲa	CIV	N bena ɲa ko.	Ɲɛ	BFA	ɲɛda,ɲɛna	bm							43725	corp essentiel
408441172584	Toutefois / Cependant	dico	O bɛɛ n'a taa													43725	
408444538694	Raté	dico	Jɛn													43725	
-40927183476	Cendre	yq	Buguri			Buguri(gwɛ)										43725	
-40927312869	Aujourd'hui	yq	Bi													43725	calendrier
410971251534	Fin		Laban													43725	
-4122869514	Esclavage	bk	Jɔnya													43725	
-4123020142	Punir		Ɲangi	BFA												43725	unbouake v wt
-4123054025	Humble	yq	Majiginin			Majigilen										43725	marked
4294519453	Dos	bk	Kɔ													43725	corp
43139787968	Il se souvient		A hakili b'a													43725	
4363400853	Votre mère est venue.	bk	Aw bamuso nan na.													43725	phrase
4363400854	Je vous ai vus.	bk	N k'aw ye.													43725	phrase
4363400855	Ou est Awa? Elle est dans la maison.	bk	Awa be min? A be bon kɔnɔ.													43725	phrase
4363400856	Moussa a frappé son petit frère.	bk	Musa k'a dɔgɔcɛ bugɔ.													43725	phrase
4363400857	Je n'ai pas encore vu ta voiture.	bk	I ya mobili, n m'a ye fɔlɔ.													43725	marked phrase
4363400858	Il ne fait jamais quelque chose de bien.	bk	A tɛ koɲuman kɛ abada.													43725	phrase
4363400859	L'homme n'est rien.	bk	Adamaden kɔni tɛ foyi ye.													43725	phrase
4363400860	Dieu est unique.	bk	Ala ye kelenpe ye.													43725	phrase
4363400861	C'est notre père.	bk	An facɛ lo.													43725	phrase
4363400862	Ne nous frappe pas.	bk	Kana an bugɔ.													43725	phrase
4363400863	Il a acheté du poisson et du piment.	bk	A ka jɛgɛ ni foronto san.													43725	phrase
4363400864	Il l'a dit à Moussa et Bakari.	bk	A k'a fɔ Musa ni Bakari ye.													43725	phrase
4363400865	Eh bien, la bouillie et le café ne sont pas la même chose.	bk	Ayiwa, baga ni kafe tɛ kelen ye.													43725	phrase
4363400866	Il a commencé à avoir de la fièvre, euh, avant-hier matin.	bk	Farigwan k'a minɛ, ayiwa, kuna sini sɔgɔma.													43725	phrase
4363400867	Bon, je m'en vais.	bk	Ayiwa, n be taga.													43725	phrase
4363400868	Eh bien, qu'est-ce qu'il est en train de faire?	bk	Ayiwa, a be mun lo kɛla?													43725	phrase
4363400869	Est-ce que ton travail te satisfait?	bk	I ta baara ka ɲi i ma wa?													43725	phrase
4363400870	Il travaille.	bk	A be baara kɛ.													43725	phrase
4363400871	Il est au travail.	bk	A be baara la.													43725	phrase
4363400872	Bon travail!	bk	I ni baara!													43725	phrase salutations
4363400873	Il travaille le fer.	bk	A be nɛgɛ baara.													43725	phrase
4363400874	Travailleur	yq	Baarakɛla													43725	
4363400875	L'eau n'est pas très fraiche. Ça ne fait rien, donne m'en.	bk	Ji ma glasi kosobɛ. Baasi tɛ. Dɔ di n ma.													43725	phrase
4363400876	Pardon! De rien!	bk	Sabari!  Basi tɛ!													43725	phrase
4363400877	L'essence est fini.  C'est grave.	bk	Taji bana. O kɛra baasi ye.													43725	phrase
4363400878	Il ne faut pas que quelqu'un accuse son semblable.	bk	Jɔn kana baga. I jɔn ɲogɔn ma.													43725	marked phrase proverbe
4363400879	Le poison tue l'homme.	bk	Baga be adamaden faga.													43725	phrase
4363400880	Le cheval est un animal.	bk	Soo ye bɛgan ye.	bke												43725	phrase
4363400881	Il y a deux sortes de joueurs de balafon.   Celui qu joue le grand balafon, et celui qui joue le plus petit.	bk	Balafɔla ye sugu fla ye. Balabafɔla ani baladeninfɔla.													43725	phrase
4363400882	Qu'est-ce qui t'a empêché de venir ?	bk	Mun k'i bali ka na?													43725	phrase
4363400883	N'avoir pas mangé et n'avoir pas dormi ne sont pas bon.	bk	Domunikɛbaliya ni sunɔgɔbaliya, o man ɲi.													43725	phrase
4363400884	Le cafe est trop chaud.	emmanuel	Café gwana kojugu.	BKE		Café gwana balibali.										43725	marked phrase
4363400885	Ce sont ses parents qui ont arrangé le mariage.	bk	A balimaw lo ka furu siri.													43725	phrase
4363400886	Nous sommes parents.	bk	Anw be balimaw ye.													43725	phrase
4363400887	Les parents de fanta sont venus nombreux pour son mariage.	bk	Fanta balimaw nan na ka caya a furuko kosɔn.													43725	phrase
4363400888	Elle nourrit dix personnes.	bk	A be mɔgɔ tan balo.													43725	phrase
4363400889	Je vends de la nourriture.	bk	N be balo feere.													43725	phrase
4363400890	Que dieu prete vie à cet enfant!	bk	Ala ka den balo.													43725	phrase
4363400891	Beaucoup de gens sont morts, mais Moussa, lui, a survécu.	bk	Mɔgɔw caman sala, Musa kɔni balola.													43725	phrase
4363400892	Il est en vie.	bk	A be balo la.													43725	phrase
-43834129304	À cause de  / En raison de / Gâce à	bk	Kosɔn		Amidu jogo ma nyi, o kosɔn teri tɛ a fɛ.	Sababu fɛ										43725	marked
-44178557456	Passer / dépasser	bk	Tɛmɛ													43725	v
-4431224777	Même	kodi	Yɛrɛ													43725	essentiel
-44437459979	S'assoir	bk	Sigi													43725	v
-44437573903	Étranger	bk	Lonacɛ			Lonan		Dunan		Lonacɛ						43725	gens
-44437908548	Sortir	bk	Bɔ													43725	v
-44439246043	Gater	bk	Can													43725	marked v vt
-44639764826	Conscience	bk	Dusukun													43725	
-44647220195	Réponse	bk	Jabili													43725	essentiel question
-44647367870	Demander	yq	Ɲiniga		Mɔgɔ ɲinigan fɛn na / Fɛn ɲini mɔgɔ fɛ	Deli										43725	v
-45246239492	Montrer	yq	Yira			Yira mɔgɔ la										43725	v
4542062599	Coriandre	bk	Kusubara													43725	marked nourriture
-4633547634	Ancêtre	yq	Bɛmacɛ													43725	bambara v
-4633571900	Peut-être	yq	N'a sɔrɔ													43725	essentiel marked
4639316715	Espérance	yq	Jigiya													43725	
4696293185	Venir	yq	Na													43725	vi
-47881654071	Ils / Eux	bk	O / Olugu / Olu	CIV		U / Ula	BFA	U / Olu	MLI							43725	essentiel pp
-47881692877	Vous	bk	Aw / Alugu	CIV		A / Aw	BFA	A / Aw	MLI							43725	essentiel pp
-47881764516	Nous	bk	An / Anugu / Anu	CIV		An / Anw	BFA	An / Anw	MLI							43725	essentiel pp
-47881810910	Il elle lui	bk	A / Ale	CIV		A / Ale	BFA	A / Ale	MLI							43725	essentiel pp
-47881877351	Tu / Toi	bk	I / Ile	CIV		E / Ele	BFA	I / E	MLI							43725	essentiel pp
-47881986758	Je moi	bk	N / Ne	CIV		N / Ne	BFA	N / Ne	MLI							43725	essentiel pp
-48185682132	Bientôt	yq	Yanni dɔnni	bke												43725	
-48185883125	Effort	bk	Jijali	(n.)												43725	
-48185883126	Fatiguer	bk	Sɛgɛ (v)													43725	v vi
-48185883127	Encourager		Jija	v												43725	marked v
-48185883128	Prix	yq	Sɔngɔ	what is the diff?	Bara ka den sara ka caya	Sara (n.)		Sɔngɔn								43725	essentiel marked
-48185883129	Amitié	bk	Teriya													43725	
-48185883132	Afin que / pour que	yq	Walasa			Janko		Walisa ka …								43725	
-48185883133	Accepter	yq	Son													43725	vt
-48185883134	Abeille	yq	Liden													43725	animal
-48185883135	Réviser	bk	Segi a kan													43725	essentiel
-48185883137	Bon appétit	bk	Ala y'a suma i kɔnɔ													43725	phrase
-48185883138	Avant hier	bk	Kuna sini													43725	calendrier
-48185883139	Après demain	bk	Sini kɛnɛ													43725	calendrier
-48185883140	Obtenir / trouver / Gagner	bk	Sɔrɔ													43725	v
-48186082422	Qui	bk	Jɔn			Jɔnni										43725	question
4896902309	Chef de maison	bk	Sotigi													43725	gens
4897052312	Reveiller	bk	Lakunu													43725	marked v vt
-49188586989	Vouloir	bk	Fɛ													43725	v
-49188671553	Fidèle	bk	Kantigiman													43725	
-49188696477	Famille	yq	Denbaya													43725	gens
4947716332	Frère (même mère)	bk	Badencɛ													43725	gens
-5043793285	En faisant / ce faisant	bk	Kɛtɔ													43725	essentiel
-51724231588	Oignon	yq	Jaba													43725	nourriture
-51724268609	Jouer au ballon	yq	Balɔntan													43725	vi
-51725530041	Montre	bk	Mɔntɔrɔ													43725	
-51741127489	Parler	bk	Kuma (v)													43725	v
-52064706662	S.v.p.	bk	Hakɛ to													43725	essentiel
-52064831738	Ceux-ci	bk	Ninugu													43725	essentiel
-52135832225	Jeter	yq	Firi			Fili										43725	v vt
-52136264022	Ordures	bk	Ɲaman													43725	essentiel
-52136464178	Dire	yq	Fɔ													43725	v vt
-52136790920	Réparer	yq	Lalaga	CIV		Ladinɛ	BFA			Lalaga						43725	essentiel v
-52136836214	Poisson	yq	Jɛgɛ	CIV		Jigɛ	BFA									43725	animal nourriture
-52136922846	Frire	bk	Yiran													43725	v
-52139218999	Tirer	yq	Saman													43725	v vt
-52139281000	Maïs	yq	Kaba													43725	nourriture
-52139354827	Saluer	yq	Fo													43725	v vt
-52656018470	Lavage	bk	Koli													43725	
-52656018471	Laver	yq	Ko		A kola kunu											43725	marked v
-52656018472	Couture	bk	Karanni													43725	
-52656018473	Coudre	yq	Karan			Kala										43725	v vt
-52656018474	Répondre	yq	Jaabi			Jaabili kɛ		Jaabili kɛ								43725	v
-52656018475	Petit garçon	bk	Cɛdennin													43725	gens
-52670046300	Beaucoup / Nombreaux / Abondance	kodi	Caman			Ca		Caya								43725	essentiel
-52670184464	C'est qui	bk	Jɔn lo													43725	question
-52670184465	Vie	yq	Niin			Ɲɛnamaya										43725	
-52670184466	Pagne	yq	Fani			Taafe										43725	
-52670184467	Dans	yq	Kɔnɔ (pr)	prep.	Bouaké kɔnɔ											43725	essentiel
-52670184469	Vérité	yq	Tiɲɛ		Tiɲɛ lo! / Tiɲɛ b'i fɛ											43725	essentiel
-53015204863	Piment	bk	Foronto													43725	nourriture
-53015256195	Patate grillé	bk	Woso yirani													43725	nourriture
-53015409422	Igname bouillie	bk	Ku beleke													43725	nourriture
-53015497479	Pamplemouse	bk	Lenburuba													43725	nourriture
-53015534347	Carotte	bk	Karoti													43725	nourriture
-53015567472	Papaye	bk	Papaye													43725	nourriture
-53015596267	Viande de mouton	bk	Sagasogo													43725	nourriture
-53015645222	Viande de boeuf	bk	Misisogo													43725	nourriture
-53015680904	Patate	bk	Woso													43725	nourriture
-53015739901	Pâte d'arachide	bk	Tiga dɛgɛ													43725	nourriture
-53015823452	Mangue	bk	Mangoro													43725	nourriture
-53015967622	Combien coute  cet avocat?	bk	Avocati nin ye joli joli?													43725	phrase question
-53016087839	Faut  diminuer (enlever)	bk	Dɔ bɔ a la													43725	phrase
-53016196473	C'est trop  cher	bk	A sɔngɔ ka gwɛlɛ			A sɔngɔ ka ca										43725	phrase
-53182470323	Pardon	yq	Sabari			Hake to										43725	essentiel
-53241136646	Chanson	bk	Dɔnkili													43725	
-53241176888	Semer	bk	Sɛnɛ													43725	v
-53241205095	Cuisine	yq	Gwabugu			Gwa										43725	essentiel
-53241239980	Préparer	bk	Tobi													43725	v
-53257444419	Vendre	yq	Feere													43725	v vt
-53257498070	Boire	yq kodi	Min			Mini kɛ										43725	v
-53277754058	Se promener	bk	Yala	v	N yarala Burkina kɔnɔ											43725	marked vi
-53277784628	Tête	yq	Kun			Kunkolo										43725	corp
-53277835100	Igname	yq	Ku													43725	nourriture
-53277853604	Rat	bk	Toto													43725	animal
-53545395742	Sauter	yq	Panpan			Ka pan		Ka pan								43725	v
-53545395743	Danser	yq	Dɔn			Dɔɔn kɛ										43725	v
-53545395744	Vomir	yq	Fɔɔnɔ		A fɔɔnɔna											43725	santé vi
-53545395747	Mil	yq	Ɲɔ			Ɲɔɔ										43725	nourriture
-53545395748	Lait	yq	Nɔnɔ													43725	nourriture
-53545395749	Riz	yq	Malo			Kini										43725	essentiel
-53545395750	Étoile	yq	Lolo													43725	essentiel
-53545395751	Penser	yq	Miiri							Bisigi						43725	marked vi
-53545395752	Boeuf	yq	Misi tora			Misi										43725	animal
-53545395753	Entente	bk	Bɛn													43725	
-53805499233	Français	yq	Faransika			Faransikan										43725	essentiel
-53805657835	Oncle paternel	bk	Benicɛ													43725	gens
-53806166054	C'est mardi aujourd'hui	bk	Bi ye tarata ye													43725	calendrier phrase
-53806211031	Élève	yq	Lakɔliden													43725	gens
-53806530587	Tante	yq	Tenɛmuso													43725	gens
-53806567719	Chauffeur	bk	Sofɛricɛ													43725	gens
-53807248070	Pays	yq	Jamana													43725	
-53807309109	Soir	yq	Wula													43725	calendrier essentiel
-53807343565	Matin	bk	Sɔgɔma													43725	calendrier essentiel
-53807402499	Autre		Wɛrɛ		Saan wɛrɛ											43725	essentiel
-53872831278	Professeur	bk	Lakɔlifa													43725	essentiel
-53873102985	Demain	yq	Sini													43725	calendrier
-53873236373	Après / Derrière	kodi	Kɔ fɛ													43725	essentiel
-53873263150	Année	bk	Saan													43725	calendrier
-53873303585	Semaine	yq	Lɔgɔkun	CIV				Dɔgɔkun	MLI							43725	calendrier
-53873333109	Jour		Loon			Tile										43725	calendrier
-53873557747	Mois	yq	Kalo													43725	calendrier
-53873571460	Hier	yq	Kunu													43725	calendrier essentiel
-53873672574	Jeune homme	bk	Kamelen													43725	essentiel
-53873715604	Marché	yq	Lɔgɔ			Lɔgɔfiyɛ		Sugu								43725	essentiel
-53958647735	Maison / Bâtiment / Chambre	bk	Soo			Bon (n.)		Lu	CIV							43725	essentiel
-53958647736	Queue	yq	Kokala	CDI		Ku	BFA	Kukala								43725	corp
-53958647737	Lapin	bk	Sozani													43725	animal
-53958647738	Oreille	yq	Toro			Tulo										43725	corp
-53958647739	École	yq	Lakɔli													43725	essentiel
-53958647740	Roue	bk	Pine													43725	essentiel
-53958647741	Repas / Nourriture / Plat	yq	Domuni	CDI		Dumuni	BF	Fana								43725	essentiel
-53958647742	Cheveux	yq	Kunsigi					kùnsigi	bm							43725	corp
-53958647743	Amie	bk	Terimuso													43725	essentiel
-53958647744	Bolo	bk	Bras / Main													43725	essentiel
-53958647745	Mère	bk	Bamuso													43725	essentiel gens
-53958647746	Voiture	yq	Mobili													43725	essentiel
-54031938759	Chaussure	yq	Samara			Sanbara	BFA									43725	essentiel
-54031985691	Chemise	bk	Dereke													43725	essentiel
-54126056361	Septembre	yq	Sɛtanburukalo			Sɛtanburu										43725	calendrier
-54126083347	Août	yq	Utikalo			Uti										43725	calendrier
-54126114666	Juillet	yq	Zuwekalo			Zuwe										43725	calendrier
-54126157170	Juin	yq	Zuɛnkalo													43725	calendrier
-54126187129	Mai	yq	Mɛkalo													43725	calendrier
-54126222165	Avril	yq	Awirilikalo			Awirili										43725	calendrier
-54126250680	Mars	yq	Marisikalo													43725	calendrier
-54126282469	Février	yq	Feburukalo			Feburu										43725	calendrier
-54126345103	Janvier	yq	Zanwiyekalo			Zanwiye										43725	calendrier
-54217186342	Question	yq	Ɲiningali				jl									43725	essentiel question
-54218555366	Laquelle préfères-tu?	bk	I be juman lo fɛ?													43725	phrase
-54218752717	Je suis en train de faire quelque chose	bk	N'be fɛɛn dɔ kɛ la													43725	marked phrase
-54218752718	Ne me regarde pas	bk	Kana n filɛ													43725	phrase
-54218752719	C'est quelle chose?	bk	Fɛɛn juman lo?													43725	phrase question
-54218752720	Laquelle?	bk	Juman?													43725	question
-54218752721	Qu'est que c'est?	bk	Nin ye mun lo ye?			Mun lo?										43725	phrase question
-54218752722	C'est quoi ?	bk	Mun lo?													43725	question
-54218752723	Comment?	bk	Cogo di?													43725	question
-54218752724	Écouter	yq	Lamɛni kɛ													43725	v
-54218752725	Dormir	yq	Sinɔgɔ			Sunɔgɔ										43725	v
-54218752726	Ce / Celui-ci / Celui-là&amp;amp;amp;amp;amp;amp;nbsp;	bk	Nin													43725	essentiel
-54218752728	Paragraphe	yq	Dakun													43725	
-54218752730	Soeur	bk	Baliman muso			Balimamuso										43725	essentiel
-54292927907	Décembre	yq	Desanburukalo			Desanburu										43725	calendrier
-54293052445	Novembre	yq	Novanburukalo			Novanburu										43725	calendrier
-54293290889	Octobre	yq	Ɔkutɔburukalo			Ɔkutɔburu										43725	calendrier
-5462122209	Que dieu te benisse	bk	Ala i duga			Ala i baraji										43725	phrase
-54727441325	Compréhension	yq	Faamuli			Faamuyali		Famuli								43725	
-54727486070	Vraiment	yq	Tiɲɛ tiɲɛ	CIV		Tiɲɛn na		Tigitigi								43725	corp essentiel
-54727515367	Pousser  / motiver	bk	Lasun													43725	v
-54727531939	Coeur	bk	Dusu			Dusukun		Sɔn, Dusu	bm							43725	corp
-54727546144	Parce que		Sabu		Siriki tεna taga baarakɛyɔrɔ la bi sabu a ma kɛnɛ.					Katuguni						43725	marked
-5481833799	Marcher	yq	Taagama	CIV		Taama										43725	v
-55000189426	Samedi	yq	Samedilɔn / Sibirilɔn	CIV		Samedilɔn	BFA	Sibiridɔn / Sibiri	MLI							43725	calendrier
-55000189427	Vendredi	yq	Jumalɔn / Juma	CIV		Jumanlɔn	BFA	Jumandɔn / Juman	MLI							43725	calendrier
-55000189428	Mercredi	bk	Arabalɔn / Araba	CIV		Arabalɔn	BFA	Arabadɔn / Araba	MLI							43725	calendrier
-55000189429	Mardi	bk	Taratalɔn / Tarata	CIV		Talatalɔn	BFA	Taratadɔn / Tarata	MLI							43725	calendrier
-55000189430	Lundi	bk	Tɛnɛnlɔn / Tɛnɛn	CIV		Tɛnɛnlɔn	BFA	Ntɛnɛndɔn / Ntɛnɛn	MLI							43725	calendrier
-55000189431	Jeudi	yq	Alamisalɔn / Alamisa	CIV		Lamisalɔn	BFA	Alamisadɔn / Alamisa	MLI							43725	calendrier
-55000189432	Dimanche	yq	Dimansilɔn / Hatilɔn	CIV		Dimansilɔn	BFA	Karidɔn / Kari	MLI							43725	calendrier
-55362297427	Paysan	bk	Sɛnɛkɛla													43725	essentiel
-55362297428	Docteur	yq	Dɔkɔtɔrɔcɛ			Dɔgɔtɔrɔ										43725	gens
-55362297431	Fille	yq	Sunguru			Denmuso		Denmuso								43725	gens
-55362297432	Famille étendue	bk	Somogow													43725	essentiel
-55362297434	Petit-frère	bk	Dogocɛ													43725	essentiel
-55362297438	Père	yq	Facɛ			Faa		Faa								43725	gens
-55365479141	Africain	bk	Farafin													43725	essentiel
-55365492608	Européen / blanc	bk	Tubabu													43725	essentiel
-55856535102	Lion	yq	Waraba	MLI		Jara / Jaraba	CIV									43725	animal
-55856535105	Partir / Aller	bk	Taga		A tagala Abidjan	Taa										43725	essentiel vi
-55856535106	Dépouilles, morts	bk	Suw													43725	
-55856535110	Sacrifier	bk	Saraka	v	N ka wari saraka											43725	v vt wt
-55856535111	Mourir	bk	Saya		Wulu sala											43725	v vi
-55856535114	Grande pluie	bk	Sanjiba													43725	essentiel
-55856535115	Pluie / Année	kodi	Sanji													43725	essentiel
-55856535116	Mouton	bk	Saga													43725	animal
-55856535117	Serpent	bk	Saa													43725	animal
-55856535118	Bon	yq	Ɲuman													43725	essentiel
-55856535119	Femme	bk	Muso													43725	essentiel
-55856535120	Homme / personne	bk	Mɔgɔ													43725	essentiel
-55856535121	Désobéissant	bk	Kanminɛ bali													43725	bambara unbouake
-55856535122	Obéir / Eduquer / Discipliner	bk	Kolo (v)	CIV	A ma kolo dɛ !	Kanminɛ	BFA	Kaan minɛni kɛ	BFA							43725	marked v
-55856535123	Ange	yq	Mɛlɛkɛ													43725	
-55856535124	Décider	yq	Latigɛ													43725	marked v
-55856535125	Tomber	yq	Ben													43725	vi
-55856535127	Tromper	yq	Nɛgɛ (v)			Lafili		Lafili								43725	v
-55856535128	Bateau	bk	Kurunba			Kurun										43725	essentiel
-55856535129	Pirogue	bk	Kurun													43725	essentiel
-55856535131	Très	bk	Kosɔbɛ													43725	essentiel
-55856535134	Sauver	yq	Kisi fɛn ma (mɔgɔ...)													43725	v
-55856535138	Aimer	yq	Kanu													43725	v
-55856535139	Interdit	yq	Kana			Dagalen tɛ										43725	essentiel
-55856535140	Apprendre / étudier	bk	Kalan			Dege		Degi								43725	v
-55856535141	Pécher	bk	Jurumu													43725	v
-55856535142	Chose	kodi	Fɛɛn			Fɛn	BM									43725	essentiel
-55856535143	Mauvais	bk	Jugu													43725	essentiel
-55856535144	Image	bk	Jaa													43725	
-55856535145	Vivre	bk	Ɲɛnamaya													43725	v
-55856535146	Paix / bonheur	bk	Hɛrɛ (n.)													43725	essentiel
-55856535147	Heureux	yq	Hɛrɛ (adj)			Dagamunin										43725	essentiel marked
-55856535148	Détruire	yq	Halaki													43725	v
-55856535149	Se souvenir / Esprit Penser	bk	Hakili		N hakili t'a la											43725	v
-55856535150	Marier	bk	Furu		A ma furu / A furula											43725	v vi
-55856535152	Aussi		Fana													43725	essentiel
-55856535153	Oeuf	yq	Fan													43725	essentiel
-55856535154	Âne	yq	Fali	BFA		Sofali										43725	animal
-55856535155	Tuer, Abattre, Éteindre	bk	Faga		N ya wulu ka sise faga											43725	v vt
-55856535156	Terre	yq	Dugukolo			Bɔgɔ										43725	essentiel
-55856535158	Grand / hauteur	bk	Janya													43725	
-55856535161	Enfants	bk	Denw			Deenw										43725	essentiel
-55856535163	Garçon / Fils	bk	Dencɛ													43725	essentiel gens
-55856535165	Mendier / demander	bk	Deli	ODI	A b'a fɛ k'i dari	Dari	BKE									43725	v
-55856535166	Créature	bk	Danfɛn													43725	
-55856535167	Parfait	yq	Dafalen													43725	
-55856535168	Faire		Kɛ		Kunu, a ka kɛ											43725	v vt
-55856535170	Droite	bk	Bolo ɲuman	CIV		Kini bolo	MLI									43725	essentiel
-55856535171	Gauche	bk	Bolo jugu	CIV		Numan bolo	MLI									43725	essentiel
-55856535173	Gros	bk	Belebele													43725	essentiel
-55856535174	Tous	yq	Bɛɛ													43725	essentiel
-55856535175	Adorer	yq	Bato													43725	v
-55856535176	Chèvre	yq	Baa													43725	animal
-55856535178	Grand	bk	Ba	adj	Sanji ba											43725	essentiel
-55856535179	Joli	yq	Cɛ ka ɲi													43725	essentiel
-55856535181	Dieu	bk	Ala													43725	essentiel
-55856535182	C'est bon	bk	A ka ɲi													43725	essentiel
-55856535183	Merci / diminuer	bk	Barika													43725	essentiel
-55856535184	Jamais / À toujours	yq	Abada			Fewu										43725	essentiel
-5587347447	C'est comme ça	bk	A be tɛ													43725	essentiel phrase
-5642987963	Bonté	yq	Ɲumanya			Ɲumaya										43725	
-5643947273	Exemple	wt	Ɲɛyirali	bke		Misali	ma									43725	
-5644181930	Courage	rc	Jagwɛlɛya	CIV		Jagɛlɛya	MLI									43725	
-5810084146	C'est moi	bk	Ne lo													43725	phrase
-5841878338	Un long chemin	bk	Sira ka jan													43725	phrase
-5843352880	Regarder	yq	Filɛ	CIV	N be filɛli kɛ			Lajɛ	MLI							43725	
-5926327875	Je suis entré dans la maison	bk	N dola bon na.													43725	phrase
-5926384811	J'ai un rhume.	bk	Mura be n na.													43725	phrase
-5926408929	Rhume	yq	Mura													43725	santé
6098503772	Que dieu accept salutations	bk	Ala du amina													43725	marked
6102892193	Pauvreté	yq	Fantanya													43725	
6107549852	Quelques années plus tard...	bk	Saan damanin o kɔ...													43725	phrase
-6414475196	Est-ce que c'est intéressant?	bk	O ka di wa?													43725	phrase question
-6415305877	Tu dis quoi ?	bk	Ile ko di ?													43725	phrase
-6416047111	Tous le temps cest pas le meme chez dieu	bk	Wagati bɛɛ tɛ kelen ye ala fɛ													43725	phrase
64913486659	Rapellez vous que	rc 2019	A to i hakili la ko													43725	phrase
64914778130	réjouir		ninsɔndiya													43725	vi
65899979024	Malgré tout		O bɛe n'a ta			O n'a ta bɛɛ										43725	phrase
6681786393	Quelqu'un honnête	bk	Kankelentigi													43725	marked
6684371870	Gauche (à)	yq	Numan (bolo) fɛ													43725	essentiel
-6713724513	Je veux dire que...	bk	Ne be fɛ ka fɔ ko...													43725	marked phrase
-6713968474	Je dis	bk	Ne ko													43725	phrase
-6714023040	Jusqu'à	kodi	Fɔɔ			Kabini										43725	essentiel
-6714070575	Je ne viendrai pas	bk	N tena na													43725	phrase
67259722212	Idole / Fétiche		Boli		Boli sɔn											43725	
67339326626	Ainsi / Comme ça		ten		I kana kuma ten !											43725	essentiel
67340019297	Exactement		cɔ													43725	
-6758381958	J'ai une chemise	bk	Dereke be ne fɛ													43725	phrase
-6758788631	Le mal guéri le mal	bk	Dimi lebɛ dimi sa													43725	phrase
67967143934	Diner	kamagate	terela													43725	
68014560850	Ne pas manquer	wt	Kana {{c1::fɔn}} o la													43725	
68319737253	Revenir		Segi	Ala y'a ɲuma segi	A segira			Sekɔ								43725	vi
68382609274	Ali ka jan	cours	Ali est grand													43725	phrase
68382680537	Le frère de Moussa est plus gros que moi		Musa dɔgɔcɛ ka bon ni n ye													43725	phrase
68382716346	Je ne suis pas le plus court		N ma surun ni bɛɛ ye													43725	phrase
68382749694	S’il vous plaît, où se trouve le marché ?		hakɛto, lɔgɔfɛ bɛ min ?													43725	phrase
68382880434	moi, mon nom est Diarra		Ne tɔgɔ ye Diarra													43725	phrase
68382926572	Qu’es-tu venue faire à Abidjan ?		I nan na mun kɛ abijan ?													43725	phrase
68383189256	le nom du professeur de Madou est Karim		Madu ya lakɔlifa tɔgɔ ye karim													43725	
68383210135	l’ami de son petit frère est élève		a dɔgɔcɛ tericɛ ye lakɔliden ye													43725	
68383249877	Moussa est le fils de Madou		Musa ye Madu dencɛ ye													43725	
68383266906	Ali est une bonne personne		Ali ye mɔgɔ nyuman ye													43725	
68383285942	Combien ya t-il d’œufs dans la corbeille ?		sisɛfan den joli bɛ segi kɔnɔ?													43725	
68383345081	Je ne sais pas compter jusqu’à dix		n tɛ se ka jatebɔ fɔ ka se tan													43725	phrase
68383402573	Hier, j’ai acheté une chaussure.		kunu n ka samara san.													43725	phrase
68383536529	Madou a porté une chemise.		Madu ka dereke do.													43725	phrase
68383551473	Penda a salué son ami.		Penda ka a tericɛ fo.													43725	phrase
68383566545	Le professeur a acheté une voiture.		lakɔlifa ka mobili san.													43725	phrase
68383581521	Ma femme a eu du travail.		n muso ka baara sɔrɔ.													43725	phrase
68383600492	parle fort		i bɛ i kan labɔ													43725	phrase
68383905287	On doit respecter les parents		Mɔgɔ ka kan ka à bangebagaw bonya													43725	phrase
68384036972	Laves-toi les mains avant de manger.		i bɛ i tɛgɛ ko kasɔrɔ ka domuni kɛ.													43725	phrase
68384052710	Siriki n’ira pas au travail aujourd'hui parce qu’il ne se porte pas bien.		Siriki tεna taga baarakɛyɔrɔ la bi sabu a ma kɛnɛ.													43725	phrase
68384079903	Amidou a un mauvais comportement pour cela il n’a pas d’amis.		Amidu jogo ma nyi, o kosɔn teri tɛ a fɛ.													43725	phrase
68384094188	Je veux acheter une voiture mais je n’ai pas d’argent.		N b’a fɛ ka mobili san nka wari tɛ n bolo.													43725	phrase
68384116357	Travaille bien sinon je ne te payerai pas.		baara kε kanyan n’o tε n tεna i sara													43725	phrase
68384142440	Allons vite avant qu’il ne pleuve.		An ye taga jonan sani sanji bε ben.													43725	phrase
68384172951	Si tu creuses un trou tu auras de l’eau.		i mana dinga sogi i bε ji sɔrɔ.													43725	phrase
68384189709	Si tu ne veux pas faire la prison, il faut éviter le vol.		N i t’a fε ka kaso kε, I ma kan ka sonyali kε.													43725	phrase
68384216458	Depuis le décès de notre père, nous n’avons pas eu la tranquillité.		kabini an facε sala, annugu ma nyasuma.													43725	phrase
68384336274	Voler		sonyali kε		N i t’a fε ka kaso kε, I ma kan ka sonyali kε.	Soɲɛ		Soɲɛ		Sɔɲa						43725	essentiel
68384730115	Viens vite ! sinon je vais partir.		Nan jonan n’o tɛ n bɛna taga!													43725	phrase
68479908582	Quelques 		damanin		Saan damanin o kɔ												
-6966007741	Jai un bic.	bk	Biki be ne fɛ.													43725	phrase
-7051617887	Joie	yq	Ninsɔndiya			Nyagali		Nagali								43725	v
-7056601206	J'ai une montre	bk	Montɔrɔ be ne fɛ													43725	
7214395493	Compatir		Makari													43725	marked wt
-7455322472	et	bk	...ni...			...ani...										43725	essentiel
-7539514123	C'est mieux aujourd'hui	bk	Bi ka fisa													43725	phrase
-7539576588	Comment va l'enfant	bk	Den fari be di?													43725	phrase
-7539868355	Louche	bk	Kuru ba			Yelen										43725	marked
-7539952918	Fourchette ou écumoire	bk	Kuru sɔgɔsɔgɔ													43725	
-7539976876	Cuillière	bk	Kuru													43725	
-7540204535	Connaissance	yq	Lɔniya													43725	v
-7540249164	Connaitre	bk	Lɔn													43725	essentiel v vt
-7540359438	Changement	yq	Yɛlɛmali			Yɛlɛmani										43725	
-7651829509	Miel	yq	Li													43725	nourriture
-7662480041	Force / Puissance	bk	Fanga													43725	
-7788796832	Que chacun se reveil le matin	bk	Ala an kelen kelen wuli													43725	phrase
-7791876226	Nez	yq	Nu													43725	corp
-7791903746	Plante de pied	bk	Sen tɛgɛ													43725	corp
-7791941218	Cuisse	bk	Woto					woro	bm							43725	corp
-7792030022	Gros orteil	bk	Sen kumande ba													43725	corp
-7792055372	Petit doigt	bk	Bolo kumande fitini													43725	corp
-7792085208	Pouce	bk	Bolo kumande ba					Bolonkɔnikunba	bm							43725	corp
-7792110343	Doigt	yq	Bolokumande	CIV		Bolokanden		Bolokɔni / Bolonkɔni	bm							43725	corp
-7839977565	Bleu	yq	Bula			Bula (man)										43725	couleur
-7840058159	Jaune	yq	Nere			Nɛrɛnu(man)										43725	couleur
-7840060490	Vert	yq	Biŋkɛnɛ			Binkɛnɛman										43725	couleur
-7878131213	Il est venu sur moto.	bk	A nan na moto kan.													43725	phrase
-7878259120	Je suis venu en voiture.	bk	N nan na mobili kɔnɔ.													43725	phrase
-7878326931	Bonne guerison	bk	Ala ka nɔgɔya kɛ													43725	phrase
-7878496085	La matinée est arrivée; il n'y a rien de mal	bk	Dugu gwɛ la; foyi tɛ													43725	phrase
-7878568457	On est ensemble.	bk	An be ɲɔgɔn fɛ.													43725	phrase
-7878667522	Serre-moi la main	bk	I tɛgɛ don n bolo			Bolo don n bolo										43725	marked phrase
78cce866-b1cb-4fe8-a7d0-6f1c953ff018	Mer	yq	Ba			Kɔgɔji										43725	
-8088147732	Rouge	yq	Wuleman													43725	couleur
-8088212970	Noir	yq	Finman		phrase avez couleur											43725	
-8099771854	Devant	yq kodi	Ɲa fɛ	civ		Ɲɛ fɛ	bfa									43725	essentiel
-8219438417	2018		Saan waa fila ani tan ni segi													43725	calendrier chiffre
-8345687794	Je ne veux pas te fatiguer	bk	N tɛ fɛ k' i sɛgɛ													43725	phrase
-8360950170	J'ai compris.	bk	N ka faamu.													43725	phrase
-8360992248	J'ai compris. / J'ai entendu.	bk	N ka mɛn.													43725	phrase
-8361038700	Je t'ai entendu.	bk	N k'i lamɛn.													43725	phrase
-8439635054	Il est grand	bk	A ka jan													43725	phrase
-8521542029	Poisson fumé	bk	Jɛgɛ usu													43725	nourriture
-8522151866	Attends moi	bk	Lɔ ka n kɔnɔ													43725	phrase
-8522305713	Un jour avant hier	bk	Kuna sini kɔfɛ													43725	calendrier
-8523273944	Ils ne sont pas ici	bk	O tɛ a?													43725	marked phrase
-8878884938	Ca fait deux jours	bk	A kɛla tere fila	CIV				I ni la fila	MLI							43725	essentiel phrase
899da4f4-e157-4031-8e4b-cf59702a1303	C'est dangereux	yq	Farati  b'a la													43725	
8f72e15d-72e6-47bf-b99d-164b41eabc8c	Danger	yq	Farati		Farati b'a la											43725	
-9126606725	Neuf / Nouveau	yq	Kura													43725	essentiel
9184690720	Salutation champ	bk	I ni sɛnɛ			i ni kongo										43725	essentiel salutations
9184723890	Salutation cuisine	bk	I ni gwa													43725	salutations
9184759070	Salutation marché	bk	I ni lɔgɔ													43725	essentiel salutations
9184791617	Salutation lessive ou porter l'eau	bk	I ni kɔɔ													43725	essentiel salutations
95f2352d-13de-4565-8b50-f8428fbc3448	Selon toi	yq	A ka miiriya la			Alu fɛ										43725	
ac0eae92-b771-4811-8705-b2cf5779f267	Arranger (les choses) / Régler (problème) / Résoudre	yq	Ɲɛnabɔ			Ɲɛ										43725	
b74bf067-2956-4fa7-986c-f2e5e65f127f	Selon son dire	yq	A ka fɔta la													43725	
c25c5017-0b81-4201-aa10-6a33221570f8	Bénédiction	yq	Baraji			Duga		Duba								43725	
e91ab08f-b61d-4065-9a91-bedbee7e8ffe	Finir / Décéder	yq	Ban (v)													43725	v vt
eace7b14-a8a0-4389-9f9d-d38750ebab6a	Fleuve	yq	Baji			Baa										43725	
ec608b75-8247-4755-b50a-8f28d8b8f071	Envie	yq	Ko		a ko be na	Nege										43725	
eca7089e-dc16-4d3e-bdf1-5523895a1622	Fâcher / Agacer / Énerver / Irriter	yq	Dimi													43725	
