-11085274429	réunion	bk		lajɛn	jl								Lajɛ	BM			43726	
-11287133660	joie	jl 11		nagali													43726	wt
-11287332641	serviteur / adorateur	bk		sagokɛla													43726	wt
-15176835587	sans foi	bk		janfanci													43726	duplicate wt
-15518782417	école de guiléad	bk		gilead lakɔli													43726	wt
-15518899097	école pour évangélisateurs du royaume	bk		masaya waajulikɛlaw ka lakoli													43726	wt
-15522069116	char de jehovah	bk		jehova ka wotoro													43726	wt
-16124033849	comité de filiale	jl 22		tɔnbolo ka kɔmité													43726	wt
-18714818564	proclamateur	jl 13		weleweledala				wajulikɛla									43726	wt
-18949454284	présentation	bk		yiracogo													43726	wt
-18949479733	culte	bk		batoli													43726	wt
-18949490395	serviteurs	jl 2		sagokɛlaw													43726	
-26811574427	lois principes	bk		cifɔni													43726	wt
-27013963802	prêtre	bk		sarakalasebaga													43726	wt
-27410134907	que jehovah te bénisse	bk		jéhovah i duga													43726	wt
-40927278615	bible	bk		bibulu													43726	wt
-44178618673	lecture de la bible	bk		bibulu kalangwɛ													43726	wt
-4434272399	révision	jl 9		segikanni													43726	wt
-4632780310	waa kɛmɛ ni bi segi ni looru	bk		185 000													43726	wt
-52670184468	monde / terre	tract		duniɲa				diɲe	ABBF								43726	
-53017499366	envoyé de dieu	bk		ala ka ciden													43726	wt
-53017833927	commandement	jl 16		cii													43726	wt
-53017885414	gloire	bk		nɔɔrɔ													43726	wt
-53018127491	chapitre	jl 9		kalansen				tilan					Tilanyɔrɔba	MLI			43726	wt
-53018156709	esprit saint	jl 19		hakili senu													43726	wt
-53018186881	miracle	bk		kabako													43726	wt
-53018428141	sabbat	bk		lafiɲɛlon													43726	wt
-53018531254	résurrection	bk		sukununi				suu kununi									43726	wt
-53018679285	rançon	bk		kunmabɔsara													43726	wt
-53018792198	assemblée	jl 6		kafo	jl			Jɛnkulu					jɛkulu	BM			43726	wt
-53019012572	satan	bk		sitanɛ													43726	wt
-53019039215	diable	bk		naafigi													43726	wt
-53019084841	témoins de jéhovah	jl 1		jehova seerew													43726	wt
-53020300790	enfer	bk		jahanama													43726	wt
-53020406468	royaume de dieu	bk		ala ka masaya													43726	wt
-53277812243	baisser	bk		suuri				sosuuri									43726	wt
-54217186332	antenne de traduction	bk		gafew bayɛlɛma yɔrɔ													43726	wt
-54217186336	ancien	jl 14		diinan mɔgɔkɔrɔ	jl								diinɛ maakɔrɔ	BM			43726	wt
-54217186337	responsable itinérant	jl 17		kɔrɔsibaga tagamakɛlaw													43726	wt
-54217186338	pionnier	jl 13		piyɔniye	jl								Tutigɛbaga	BM			43726	wt
-54217186339	assistant ministériel	jl 16		kɔrɔsigi ciden	jl								cidenyabaara magannaw	BM			43726	wt
-54217186340	famille du béthel	jl 21		betɛli ka denbayamɔgɔw													43726	wt
-54217186341	béthel	jl 21		betɛli													43726	wt
-5583657714	démon	bk		jina													43726	wt
-55856535126	ressussiter	bk		lakunun													43726	wt
-55856535130	éternellement	bk		kudayi													43726	wt
-55856535132	originel			kɔrɔba													43726	marked wt
-55856535180	paradis	jl		alijɛnɛ				alijɛnɛ									43726	wt
-7052097941	israëlites	bk		israɛldenw													43726	wt
-7053266987	185000	bk		waa kɛmɛ ni bi seegi ni looru													43726	wt
-7054004510	représentant de dieu	bk		ala ka lasigidenw													43726	wt
-7054053843	expliquer	jl 19		ɲɛfɔ													43726	wt
-7054111008	guider	bk		ɲɛminɛ (v)	v												43726	v wt
-8263134106	dessein	bk		sago													43726	wt
1527665647505	ce qu'elle nous réserve	yq		a be min mara an ye													43726	wt
1527665647507	ça ressemble à quoi ?	yq		a bɔnin be mun le ma ?													43726	delete wt
1527665647508	qui est en droit de …	yq		a dagalen be jon ka …													43726	wt
1527665647509	tout au long de son ministère	yq		a ka cidenyabaara kuru bɛɛ la													43726	wt
1527665647510	son caractère généreux	yq		a ka sonni dusu													43726	wt
1527665647511	comment a-t-il réagi ?	yq		a kɔnna k'o koo ta cogo di?													43726	wt
1527665647512	cela ne consiste pas à ...	yq		a kɔrɔ tɛ ka…													43726	wt
1527665647513	sans jamais renoncer	yq		a ma sɔn k'a dabila abada													43726	wt
1527665647514	il y a plus de 2000 ans	yq		a saan 2000 ni kɔ ye nin ye													43726	wt
1527665647515	neutralité	yq		a te sen don politiki ko la													43726	wt
1527665647516	ne pas indisposer les gens inutilement	yq		a tɛ mɔgɔ kɔnɔ gwan gwansan													43726	wt
1527665647517	cette personne ne manifeste pas d'intérêt	yq		a tigi m'a mako don													43726	wt
1527665647518	rappelez aux proclamateurs	yq		a' ye weleweledalaw hakili jigi													43726	wt
1527665647519	compagnon de travail de dieu	yq		ala ka baarakɛnyogon													43726	wt
1527665647521	armure complète de dieu	yq		ala ka kɛlɛkɛ minenw bɛɛ													43726	wt
1527665647523	merveilleuses promesses divines	yq		ala ka layidu cɛnyumanbaw koo													43726	wt
1527665647524	ecole du ministère théocratique	yq		ala ka mara cidenyabaara lakɔli													43726	wt
1527665647525	théocratie	yq		ala ka mara cogo													43726	wt
1527665647528	royaume de dieu établi	yq		ala ka masaya sigira sen kan													43726	wt
1527665647529	monde impie	yq		ala ɲɛsiranbali duniɲa													43726	wt
1527665647532	instruction spirituelle	yq		alakow kalan													43726	wt
1527665647533	nous savons parfaitement que	yq		an b'a lɔn ka gwɛ ko													43726	wt
1527665647534	nous oublions tout le temps	yq		an be ɲinɛ tuma o tuma													43726	wt
1527665647535	ceux qui nous observent	yq		an filɛbagaw													43726	wt
1527665647536	notre tenue bien arrangée	yq		an ka fani doncogo ɲuman													43726	wt
1527665647537	lors de la préparation d'un exposé	yq		an ka kalan labɛnto													43726	wt
1527665647538	adopter le bon point de vue	yq		an ka kɛ ni miiriya ɲuman ye													43726	wt
1527665647539	notre foi augmente	yq		an ka lanaya de dunya													43726	wt
1527665647541	adaptons-nous	yq		an ka yɛlɛmani dɔw kɛ an yɛrɛ ka koow la													43726	wt
1527665647542	nous sommes bien informés	yq		an kalannin lo kosɔbɛ													43726	wt
1527665647543	en prêchant	yq		an kɛtɔ ka waajuli kɛ													43726	wt
1527665647544	ne pas se focaliser sur nous-mêmes	yq		an man kan ka hakili sigi an ka jɔrɔ an yɛrɛ koo la													43726	wt
1527665647546	pas coupable d'une dette de sang	yq		an tɛ mɔgɔ joli hakɛ ta													43726	wt
1527665647547	activité intense	yq		baara gwanniman													43726	wt
1527665647548	activité spéciale	yq		baara kɛrɛnkɛrɛnnin													43726	wt
1527665647549	prophète de malheur	yq		balawo kibaro weleweledala													43726	wt
1527665647550	frère inactif	yq		balima sumalen													43726	wt
1527665647551	préposé aux territoires	yq		balimancɛ  min be kiin koow  ɲɛnabɔ													43726	wt
1527665647552	travail profane	yq		baloɲini baara													43726	wt
1527665647553	points faibles du pays	yq		barika tɛ jamana yɔrɔ minw na													43726	wt
1527665647554	points forts	yq		barikamakow													43726	wt
1527665647555	points faibles	yq		barikantanyakow													43726	wt
1527665647556	conversation initiale	yq		baro folo													43726	wt
1527665647558	adorateur	yq		batobaga													43726	wt
1527665647563	adapter (s') aux gens	yq		bɛn mɔgɔw ma													43726	wt
1527665647564	vie actuelle	yq		bi ka ɲɛnamaya													43726	wt
1527665647565	système de chose actuel	yq		bi koow sigicogoya													43726	wt
1527665647566	contemporain (de notre époque)	yq		bi mɔgɔ													43726	wt
1527665647567	aujourd'hui plus que jamais	yq		bi, ka tɛmɛ sanga ni wagati  bɛɛ kan													43726	wt
1527665647569	compréhension actuelle de la bible	yq		bibulu faamuyacogo kura													43726	wt
1527665647570	le récit inspiré nous apprend que	yq		bibulu ka lakalita b'a fɔ an ye ko													43726	wt
1527665647572	enseignement biblique fondamental	yq		bibulu kalansira jonjon													43726	wt
1527665647573	dans les temps bibliques	yq		bibulu sɛbɛwagati la													43726	wt
1527665647574	étude biblique	yq		bibulukalan													43726	wt
1527665647575	biens matériels	jl 24		bolofɛnw													43726	wt
1527665647576	contribution volontaire	yq		bolomafara													43726	wt
1527665647577	contribuer	yq		bolomafara di													43726	wt
1527665647578	se déverser	yq		bɔn													43726	wt
1527665647579	boîte	yq		buwati				gongo									43726	wt
1527665647580	apôtre	yq		ciden													43726	wt
1527665647584	exposé n°1	yq		cii folo kalan													43726	wt
1527665647585	dix commandements	yq		cikan tan													43726	wt
1527665647586	message impopulaire	yq		cira min tun man di mɔgɔw ye													43726	wt
1527665647587	prophétie	jl 7		kiraya kuma				cirakuma									43726	wt
1527665647588	dans la dignité	yq		cogo bɛnnen na													43726	wt
1527665647590	porte en porte	yq		da ni da la													43726	wt
1527665647592	imperfection	yq		dafabaliya													43726	wt
1527665647594	lors de l'examen du paragraphe	yq		dakun lajɛtɔ													43726	wt
1527665647595	révision orale	yq		dalafoli segikanni													43726	wt
1527665647596	entamer (entamer une conversation)	yq		daminɛ													43726	wt
1527665647598	pionnier spécial	jl 13		dan na piyɔniye	jl								tutigɛbaga kɛrɛnkɛrɛnnenw	BM			43726	wt
1527665647599	créature spirituelle	yq		danfɛn hakililama													43726	wt
1527665647600	contemporain de david	yannick		daouda ka wagati mɔgɔ				daouda ka filankuru									43726	wt
1527665647601	fils unique-engendré	yq		dencɛ kelenpɛ bangelen													43726	wt
1527665647603	secte	yq		diinan bolo fara													43726	wt
1527665647604	collège d'anciens	yq		diinan mɔgɔkorow jɛnkulu													43726	wt
1527665647606	coordinateur du collège des anciens	yq		diinan mɔgɔkɔrɔw jɛnkulu ka koow labɛnbaga				diinan mɔgɔkɔrɔw ɲɛbila									43726	wt
1527665647608	responsable de ville	yq		dugu kɔrɔsibaga													43726	wt
1527665647609	sur la terre entière	yq		dugukolo kuru bɛɛ kan				dugukolo faan bɛɛ la									43726	wt
1527665647610	ruine de la terre	yq		dugukolo tinyɛni													43726	wt
1527665647611	esprit du monde	yq		duninya ka miiriya													43726	wt
1527665647612	dans un monde méchant et corrompu	yq		duniɲa juguman tolinen kɔnɔ													43726	wt
1527665647613	puissance mondiale	yq		duniɲa ka jamana fangatigi													43726	wt
1527665647614	souverain de l'univers / souverain seigneur	yq		duniɲa kuru bɛɛ masaba													43726	wt
1527665647616	contenance, capacité	yq		fahakɛ													43726	wt
1527665647617	une tenue et une coiffure modeste	yq		fanidocogo ni kuun masiricogo dama kɛɲɛnen													43726	wt
1527665647619	chair imparfaite	yq		farisogo dafabali													43726	wt
1527665647620	oeuvres de la chair	yq		farisogo ka kɛwali													43726	wt
1527665647621	désirs charnels	yq		farisogo negew													43726	wt
1527665647622	faute grave	yq		filiba													43726	wt
1527665647623	tabernacle	yq		finiso													43726	wt
1527665647626	discours spécial	yq		forobakalan kɛrɛnkɛrɛn													43726	wt
1527665647628	discours de mariage	yq		furukalan													43726	wt
1527665647629	publication	yq		gafe													43726	duplicate wt
1527665647630	préposé aux publications	yq		gafekow ɲɛnabobaga													43726	wt
1527665647632	demande de publications (demande écrite)	yq		gafew nyinisɛbɛ													43726	wt
1527665647634	inefficacité des gouvernements	yq		gofɛrɛnɛman dɛsɛbagato													43726	wt
1527665647635	propos confidentiels	yq		gundo kumaw													43726	wt
1527665647636	étude familiale	yq		gwakalan													43726	wt
1527665647637	poteau de supplice	yq		gwengwe yiri													43726	wt
1527665647642	riche nourriture spirituelle	yq		hakilimaya domuni nafamanba													43726	wt
1527665647643	compagnie spirituelle stimulante	yq		hakilimaya jɛnnyogonya duman													43726	wt
1527665647644	combien d'idées aborder ?	yq		hakilinata hakɛ juman ta ?													43726	wt
1527665647646	éclaircir un point	yq		hakilinata koro yira ka gwɛ													43726	wt
1527665647647	même lorsque la situation semble désespérée	yq		hali ni koow be i n'a fɔ jigisɛmɛ yɔrɔ tɛ yen													43726	wt
1527665647648	assurez-vous que la chambre est propre et nette	yq		i k'i janto k'a filɛ n'i sibon saniyalen be ani a ladonnen be													43726	wt
1527665647649	donner à jéhovah le meilleur	yq		i k'i seko fisaman kɛ jehova ma													43726	wt
1527665647650	noter les points qui s'appliquent à toi	yq		i ka hakilinataw sɛbɛ, minw ɲɛsinna i ma													43726	wt
1527665647652	ne pas s'écarter des lois	yq		i kana mabɔ sariyaw la													43726	wt
1527665647653	objectif personnel	yq		i togola lanyinita													43726	wt
1527665647656	réponse imprimée	yq		jaabili sɛbɛnen													43726	wt
1527665647657	source d'encouragement	yq		jagwɛlɛya sababu													43726	wt
1527665647659	accusé faussement	yq		jalaki gwansan													43726	wt
1527665647660	peuple élu	yq		jama sugandilen													43726	wt
1527665647661	efficace	yq		min be sanga sɔrɔ				bɛrɛbɛrɛ									43726	wt
1527665647662	grande foule	yq		jamakuluba													43726	wt
1527665647664	se retirer	yq		jara													43726	wt
1527665647665	jéhovah désire le meilleur de nous -mêmes	yq		jehova be an seko fisaman lo fɛ													43726	wt
1527665647666	jéhovah sera avec nous	yq		jehova bena kɛ an fɛ													43726	wt
1527665647668	jéhovah mérite d'être loué	yq		jehova ka kan ni tandoli ye													43726	wt
1527665647671	jéhovah a décrété que	yq		jehova y'a latigɛ ko													43726	wt
1527665647674	se réunir avec ceux que nous aimons	yq		jɛn n'an diyanye mɔgɔw ye													43726	wt
1527665647675	saine compagnie	yq		jɛnnyogonya nyuman													43726	wt
1527665647678	améliorer sa personnalité	yq		jogo yɛlɛma													43726	wt
1527665647681	transgresseur	yq		jurumukɛla													43726	wt
1527665647686	nourrir le cœur	yq		k'an dusukun balo													43726	wt
1527665647687	nous inciter	yq		k'an lasun													43726	wt
1527665647688	donner notre meilleur	yq		k'an seko fisaman kɛ													43726	wt
1527665647689	résister aux tentations	yq		k'an yɛrɛ lafasa kɔrɔbɔliw ma													43726	wt
1527665647690	se comparer aux autres	yq		k'an yɛrɛ suma ni mɔgɔw wɛrɛw ye													43726	wt
1527665647691	revêtir un corps humain	yq		ka adamaden cogoya ta													43726	wt
1527665647692	respecter les normes divines	yq		ka ala ka siraw labato													43726	wt
1527665647693	refuser une transfusion de sang	yq		ka ban ka joli don an fari la													43726	wt
1527665647694	parler d'un sujet d'intérêt local	yq		ka baro dabɔ kiin kɔnɔ koo do kan													43726	wt
1527665647695	améliorer nos conversations	yq		ka baro kɛcogo fisaya													43726	wt
1527665647696	succomber aux tentations	yq		ka ben kɔrɔboliw na													43726	wt
1527665647697	apprendre des textes bibliques	yq		ka bibulusenw degi k'u lɔn													43726	wt
1527665647698	collaborer avec les anciens	yq		ka bolo di diinan mɔgɔkorow ma													43726	wt
1527665647700	ecourter poliment la conversation	yq		ka daan sigi o baro la ni bonya ye													43726	wt
1527665647701	cultiver de bonnes habitudes	yq		ka degi delinanko ɲumanw na													43726	wt
1527665647702	toucher le cœur	yq		ka dusu sɔrɔ													43726	wt
1527665647703	développer nos facultés de perception	yq		ka faamuyali hakili bonya													43726	wt
1527665647704	porter une tenue raisonnable	yq		ka fani kɛɲɛnen don													43726	wt
1527665647705	séances d'excercice	yq		ka gafe yiracogo degi													43726	wt
1527665647706	excommunier	yq		ka gwɛn ka bɔ kafo kɔnɔ													43726	wt
1527665647708	réponse claire	yq		ka jaabili soro min gwɛnen be													43726	wt
1527665647709	tenir compte de ses limites	yq		ka janto a ka faamuyali danyoro la													43726	wt
1527665647710	faire attention à son enseignement	yq		ka janto mɔgɔw kalanni na													43726	wt
1527665647714	se chercher des excuses	yq		ka joo di an yɛrɛ ma													43726	wt
1527665647715	améliorer la qualité de la voix	yq		ka kaan cogo fisaya													43726	wt
1527665647716	enseigner avec simplicité	yq		ka kalan cogo nɔgɔman na													43726	wt
1527665647717	commencer une étude  dès le premier contact	yq		ka kalan daminɛ ɲɔgɔnye fɔlɔ la													43726	wt
1527665647718	tirer leçon	yq		ka kalan sɔrɔ													43726	wt
1527665647719	assumer les responsabilités chrétiennes	yq		ka kerecɛnya kunkanbaaraw dafa													43726	wt
1527665647720	axer sa vie / prioritize	yq		ka kɛ a ɲɛnako fɔlɔ ya													43726	wt
1527665647722	commander (passer commande)	yq		ka komandi kɛ													43726	wt
1527665647723	rester équilibré	yq		ka koo kɛ k'a dama kɛnyɛ													43726	wt
1527665647724	croître spirituellement	yq		ka kɔgɔ alako ta fan fɛ													43726	wt
1527665647725	anticiper les objections	yq		ka kɔn k'i yɛrɛ labɛn sɔsɔliw koo la													43726	wt
1527665647726	avant notre ère	yq		ka kɔn krista tile ɲɛ													43726	wt
1527665647727	demander des congés	yq		ka kɔnze deli													43726	wt
1527665647728	surveiller correctement	yq		ka kɔrɔsi ka ɲɛ													43726	wt
1527665647729	pause appropriée	yq		ka kuma ka lɔ cogo bɛnnen na													43726	wt
1527665647730	s'agenouiller	yq		ka kunbiri gwan duguma													43726	wt
1527665647731	se réveiller de la mort	yq		ka kunu ka bɔ saya la													43726	wt
1527665647732	se fixer personnellement des objectifs	yq		ka lanyinitaw latigɛ u yɛrɛw ye													43726	wt
1527665647733	se fixer l'objectif d'être	yq		ka laɲini ka kɛ … ye													43726	wt
1527665647734	eveiller la curiosité	yq		ka lasun u ka ɲiningali kɛ													43726	wt
1527665647735	tenir ferme contre le diable et les démons	yq		ka lo ka nyɛ ka sitanɛ ni jinaw kunbɛn													43726	wt
1527665647737	susciter la conversation	yq		ka mɔgɔ lasun a k'a daa don an ka baro la													43726	wt
1527665647738	enseigner sans oublier que le temps presse	yq		ka mɔgɔ kalan ni kɔrɔtɔ miiriya ye													43726	wt
1527665647739	tirer profit	yq		ka nafa sɔrɔ													43726	wt
1527665647740	calomnier jéhovah			ka nafigiya kɛ jehova la													43726	wt
1527665647741	amasser des trésors sur la terre	yq		ka nafolo lajɛn dugukolo kan													43726	wt
1527665647742	offrandes en faveur de l'œuvre mondiale	yq		ka nili kɛ duniɲa kuru bɛɛ kama													43726	wt
1527665647743	donner avec joie	yq		ka nili kɛ ni diyanye ye													43726	wt
1527665647744	repentir sincère	yq		ka nimisa sɔbɛ la													43726	wt
1527665647746	mener une vie simple	yq		ka ɲɛnamaya kɛ cogo nɔgɔman na													43726	wt
1527665647747	vivre dans l'attachement à dieu	yq		ka ɲɛnamaya kɛ k'an masirilen to ala la													43726	wt
1527665647748	changer de mode de vie	yq		ka ɲɛnamaya kɛcogo yɛlɛma													43726	wt
1527665647750	soigneusement nettoyé avant l'heure	yq		ka saniya konyuman ka kɔn lɛri nyɛ													43726	wt
1527665647751	surmonter les obstacles	yq		ka see sɔrɔ baliw kan													43726	wt
1527665647752	participer à une forme du ministère	yq		ka seen don cidenya baara faan dɔ la													43726	wt
1527665647753	faire notre maximum	yq		ka seko bɛɛ kɛ													43726	wt
1527665647754	prendre note succinctement	yq		ka sɛbɛ ka surunya													43726	wt
1527665647755	ajouter du poids à nos paroles	yq		ka sinsin an ka kumaw kan													43726	wt
1527665647756	nous affiner	yq		ka soon kolon bo an na													43726	wt
1527665647757	s'appliquer à connaître la parole de dieu	yq		ka sɔbɛ don ka ala ka kuma kalan													43726	wt
1527665647758	soulever une objection	yq		ka sɔsɔli lawuli													43726	wt
1527665647759	aller à un rendez-vous	yq		ka taa nyogonye do la													43726	wt
1527665647760	aller là où le besoin est grand	yq		ka taga sigi yɔrɔ min na makoyaba be yen													43726	wt
1527665647761	éviter les pièges	yq		k'a yɛrɛ tanga jaan dow ma													43726	wt
1527665647762	payer les frais de transport	yq		ka taransipɔri musakaw sara													43726	wt
1527665647763	saisir les occasions propices	yq		ka tɛmɛ cogoya ɲumanw fɛ													43726	wt
1527665647765	prêcher librement	yq		ka waajuli kɛ ɲɛsuma na													43726	wt
1527665647766	réserver du temps	yq		ka wagati latigɛ													43726	wt
1527665647771	besoin de la assemblée	yq		kafo ka mako													43726	wt
1527665647772	membre de la assemblée	jl 15		kafoden													43726	wt
1527665647774	responsable de circonscription	jl 17		kafokulu kɔrɔsibaga	jl								kafo lakɔlɔsibagaw	BM			43726	wt
1527665647775	comment remplir le formulaire	yq		kafolisɛbɛ dafacogo													43726	wt
1527665647776	immoralité	yq		kakalaya													43726	wt
1527665647777	après chaque exposé	yq		kalan kelen-kelen banni kɔ													43726	wt
1527665647778	orateur	yq		kalan kɛbaga				forobakalan dibaga									43726	wt
1527665647779	développement logique	yq		kalan kɛcogo tilenna													43726	wt
1527665647780	discours et discussions	yq		kalan ni baro													43726	wt
1527665647781	environ 5000 nouveaux disciples	yq		kalanden kura 5000 nyogon													43726	wt
1527665647782	publications d'étude	yq		kalankɛ  gafew													43726	wt
1527665647783	symposium	yq		kalankulu													43726	wt
1527665647784	exposé suivant	yq		kalansen nɔfɛta													43726	wt
1527665647786	fils de la désobéissance	yq		kan bilali denw													43726	wt
1527665647787	campagne spéciale	yq		kanpaɲi kɛrɛnkɛrɛn													43726	wt
1527665647788	bonté de cœur	yq		kanuya kantigiman													43726	wt
1527665647789	son amour influence toutes ses actions	yq		kanuya lo b'a lasun a ka kɛtaw bɛɛ la													43726	wt
1527665647790	étude individuelle	yq		kelenna kalan													43726	wt
1527665647791	frères chrétiens	yq		kerecɛn balimaw													43726	wt
1527665647792	ministre chrétien	yq		kerecɛn ciden													43726	wt
1527665647793	chrétien célibataire	yq		kerecɛn furubali													43726	wt
1527665647794	chrétien marié	yq		kerecɛn furulen													43726	wt
1527665647795	compagnons chrétiens	yq		kerecɛnɲɔgɔnw													43726	wt
1527665647796	réunion chrétienne	yq		kerecɛnya lajɛn													43726	wt
1527665647798	char de guerre	yq		kɛlɛkɛwotoro													43726	wt
1527665647799	lumière brillante (vérité)	yq		kɛnɛyeelen													43726	wt
1527665647800	temple	yq		batosoba													43726	wt
1527665647801	bonne nouvelle	jl 12		kibaro diiman									Kibaro duman	BM			43726	wt
1527665647802	bonne nouvelle éternelle	yq		kibaru duman banbali													43726	wt
1527665647804	territoire / quartier	yq		kiin				jamana									43726	alasane wt
1527665647805	territoire souvent parcouru	yq		kiin boli-boli siɲɛ caaman													43726	wt
1527665647807	christ	yq		kirista													43726	wt
1527665647810	séparer de babylone la grande	yq		ko an faranna ka bo babilonɛba la													43726	wt
1527665647812	compte tenu du temps imparti	yq		komi wagati daan tigɛra													43726	wt
1527665647813	vérifions les choses les plus importantes	yq		koo minw kɔrɔtanin lo ka tɛmɛ tɔɔw kan, aw k'olu faranfasi													43726	wt
1527665647814	système de choses	yq		koo sigi cogoya				diɲɛ									43726	wt
1527665647816	collège central	jl 20		koow ɲɛnabɔla jɛnkulu	jl								Ɲɛmɔgɔ kulu	BM			43726	wt
1527665647818	tentation	yq		kɔrɔboli													43726	wt
1527665647821	assistant ministériel expérimenté	yq		kɔrɔsigi ciden setigi													43726	wt
1527665647824	en cas d'urgence	yq		kɔrɔtɔkow kosɔn													43726	wt
1527665647828	service à plein temps	yq		kudayi cidenya baara													43726	wt
1527665647829	pionnier permanent	jl 13		kudayi piyoniye									tutigɛbaga basigilenw	BM			43726	wt
1527665647830	technique oratoire	yq		kumacogo fɛɛrɛ													43726	wt
1527665647831	prière de conclusion	yq		kuncɛli delili													43726	wt
1527665647832	de nouveaux sommets ont été atteints	yq		kunkɔrɔta kura caaman sɔrɔla													43726	wt
1527665647836	communication spéciale	yq		kunnafoni kɛrɛnkɛrɛn													43726	wt
1527665647838	trébucher (spirituellement)	yq		kunnatiɲɛ													43726	wt
1527665647839	souveraineté	yq		kuntigiya				sebagaya			Masabaya						43726	wt
1527665647841	organisation	jl 19		ɔriganisasiyɔn				ɔriganisasiyɔn									43726	wt
1527665647844	lors de la réunion	yq		lajɛn kɛto													43726	wt
1527665647845	lieux de culte	yq		lajɛn kɛyɔrɔw													43726	wt
1527665647846	fronde / lance-pierre	yq		bɛrɛbonna													43726	wt
1527665647847	salle d'assemblées	yq		lajɛnba boonw													43726	wt
1527665647848	responsable de l'école	yq		lakoli kɔrɔsibaga													43726	wt
1527665647851	compagnon de chambre	yq		lamɔgɔ													43726	wt
1527665647852	foi (sans)	yq		lanabaliya													43726	wt
1527665647854	foi solide	yq		lanaya barikaman													43726	wt
1527665647855	foi naissante	yq		lanaya kura													43726	wt
1527665647857	terre promise	yq		layidu jamana													43726	wt
1527665647858	arche (de l'alliance)	yq		layidu waganden													43726	wt
1527665647859	semaine spéciale	yq		lɔgɔkun kɛrɛnkɛrɛnnin													43726	wt
1527665647860	jéhovah est humble	yq		majigilenya be jehova la (si sentiment, qualité, partie du corps : be … la)													43726	wt
1527665647861	chez les personnes intéressées	yq		makodon mɔgɔw fɛ													43726	wt
1527665647862	ne doit pas durer plus de	yq		man kan ka mɛɛn ka tɛmɛ … kan													43726	wt
1527665647863	codirigeant	yq		marakɛɲɔgɔn													43726	wt
1527665647865	salle du royaume	jl 15		masaya boon	jl								Massaya So	BM	Masaya So		43726	wt
1527665647866	ministère du royaume	yq		masaya cidenyabaara													43726	wt
1527665647870	repas du seigneur	yq		matigi ka surafana seli													43726	wt
1527665647872	attitude mentale	yq		miiriya cogo													43726	wt
1527665647873	offre du mois	yq		min be di kalo la													43726	wt
1527665647874	qui convienne	yq		min dagalen be													43726	wt
1527665647875	qui mérite toute notre attention	yq		min ka kan ka ta sɔbɛ la													43726	wt
1527665647876	trop décontracté	yq		min labilanen lo kojugu													43726	wt
1527665647877	qui correspond	yq		min nyɛsinna													43726	wt
1527665647878	qui est indécent	yq		min tɛ mɔgɔ sutara													43726	wt
1527665647879	qui est excentrique	yq		min waganen lo kojugu													43726	wt
1527665647880	ceux dont la situation ressemble à la nôtre	yq		minw be an ka cogoya ɲɔgɔn kɔnɔ													43726	wt
1527665647881	qui correspondent le mieux à leurs besoins	yq		minw be u makow ɲɛ cogo fisaman na													43726	wt
1527665647882	ceux qui ont grandi dans un foyer chrétien	yq		minw lamɔna kerecɛnya denbaya kɔnɔ													43726	wt
1527665647883	sujet de préoccupation	yq		mɔgɔ be hami koo min koson													43726	wt
1527665647884	membres du service accueil	yq		mɔgɔ kunbɛnbagaw													43726	wt
1527665647885	beaucoup écoutent plus attentivement	yq		mɔgɔw b'u tulo malo													43726	wt
1527665647886	préposé à l'accueil	yq		mɔgɔ kunbɛnbaga													43726	wt
1527665647887	peuple particulier	yq		mɔgɔ ɲɛnatɔmɔnin													43726	wt
1527665647888	cela ne passe pas inaperçu	yq		mɔgɔ wɛrɛw b'a kɔrɔsi													43726	wt
1527665647889	centres d'intérêt des gens	yq		mɔgɔw ka makoyaw													43726	wt
1527665647890	qu'est-ce que cela requiert de nous?	yq		mun lo ɲininen be an fɛ do ?													43726	wt
1527665647891	pourquoi tolère-t-il autant de souffrances ?	yq		mun na a b'a to tɔɔrɔ be caya ten ?													43726	wt
1527665647894	apostat	yq		murutilen													43726	wt
1527665647895	quand nous sommes occupés dans le service	yq		n'an bolo degunnen be alakow la													43726	wt
1527665647897	bienfait durable	yq		nafa bɛrɛbɛrɛ													43726	wt
1527665647898	j'ai ma propre religion	yq		ne be diinan dɔ la ka ban													43726	wt
1527665647899	ça ne m'intéresse pas	yq		ne mako t'a la													43726	wt
1527665647901	tact	yq		nɛmɛnɛmɛ													43726	wt
1527665647902	la fin de la fausse religion est proche	yq		ngalon diinan laban ka surun													43726	wt
1527665647903	si une personne manifeste de l'intérêt	yq		ni mɔgɔ do y'a mako don an ka baro la													43726	wt
1527665647904	dans la mesure du temps disponible	yq		ni wagati be yen													43726	wt
1527665647905	offrande	jl 24		jaka minɛ													43726	wt
1527665647908	repentir (se)	yq		nimisa fɛn la													43726	wt
1527665647909	repentance	yq		nimisali													43726	wt
1527665647910	cela donne vraiment à réfléchir	yq		nin b'an lasun ka miiri sɔbɛ la													43726	wt
1527665647911	cette information est importante car …	yq		nin kunnafoni korotalen be sabu …													43726	wt
1527665647914	service joyeux	yq		nyagali baara													43726	wt
1527665647915	espérance de la vie éternelle	yq		nyɛnamaya banbali jigi													43726	wt
1527665647918	président (d'une réunion)	yq		ɲɛminɛbaga				barokuntigi			Kalankɛla ɲɛbila						43726	wt
1527665647919	réunion récréative	yq		ɲɛnagɛw lajɛn				tulonkɛ lajɛn			Ɲɛnagɛw ɲɔgɔnye						43726	wt
1527665647920	éveiller l'intérêt	yq		ɲɛnatigɛ				ka hakili sama									43726	wt
1527665647921	question subsidiaire	yq		ɲiningali wɛrɛ													43726	wt
1527665647922	esprit de compétition	yq		ɲɔgɔndan miiriya													43726	wt
1527665647924	bonté mal placée	yq		ɲumaya min man kan				ɲumaya min a dagalen tɛ									43726	wt
1527665647925	cela prouve que	yq		o b'a yira ka gwɛ ko													43726	wt
1527665647926	cela arrivera de notre vivant	yq		o bena kɛ k'an to sii la													43726	wt
1527665647927	de tels sacrifices	yq		o bonyogonko sarakaw													43726	wt
1527665647928	un article l'a poussé	yq		o kalan y'a lasun													43726	wt
1527665647929	cette femme n'a jamais manqué une réunion	yq		o muso ma fɔn lajɛn si la													43726	wt
1527665647930	ce genre de questions	yq		o ɲiningali ɲogonw													43726	wt
1527665647931	pas le moment de flâner	yq		o tɛ saliya wagati ye													43726	wt
1527665647932	cela l'affermi en vue des épreuves à endurer	yq		o ye a fanga don a la walisa a ka kɔrɔbɔliw muɲu													43726	wt
1527665647933	pionnier auxiliaire	jl 13		piyɔniye kɔrɔsigi													43726	wt
1527665647935	service de pionnier	yq		piyɔniye baara													43726	wt
1527665647937	rapport	yq		rapoori													43726	wt
1527665647938	texte de l'année	yq		saan ka kalankun				saan ka bibulusen									43726	wt
1527665647939	1er siècle	yq		saan kɛmɛ folo													43726	wt
1527665647941	autres brebis	yq		saga wɛrɛw													43726	wt
1527665647942	petit troupeau	yq		sagakulunin													43726	wt
1527665647947	sacrifice	yq		saraka	n												43726	duplicate wt
1527665647948	sacrifier (à faux dieu)	yq		saraka bɔ				kɛ									43726	wt
1527665647950	conditions à remplir	yq		saratiw ka dafa													43726	wt
1527665647953	témoin	yq		seere				seree									43726	wt
1527665647954	témoignage informel	yq		seereya kɛ sababu dɔ sen fɛ				sen fɛ seereya			Senfɛ sereya						43726	wt
1527665647956	secrétaire	yq		sekeretɛri													43726	wt
1527665647958	témoignage	jl 12		seereya													43726	wt
1527665647959	asperger	yq		seri seri													43726	wt
1527665647960	tract / dépliant	yq		sɛbɛnin													43726	wt
1527665647962	divers aspects	yq		sifa faanw ka ca													43726	wt
1527665647963	coépouse	yq		sinamuso													43726	wt
1527665647965	site officiel	yq		site daganin													43726	wt
1527665647966	"classe de ""l'intendant"""	yq		so kunna sigibaga jɛnkulu													43726	wt
1527665647967	intendant	yq		sokunnasigibaga													43726	wt
1527665647968	système de sonorisation	yq		sono juru													43726	wt
1527665647971	société	yq		sosiyete													43726	wt
1527665647972	ministère		(n.)	cidenya baara													43726	wt
1527665647973	sujet controversé	yq		sɔsɔli kuma													43726	wt
1527665647974	esprit des ancêtres	yq		sukɔrɔ													43726	wt
1527665647978	trébucher (physiquement)	yq		talon													43726	wt
1527665647979	des amis peu recommandables	yq		teri jugu sifaw													43726	wt
1527665647980	premier contact	yq		tɛmɛko fɔlɔ													43726	wt
1527665647981	assemblée de circonscription	yq		tile fila lajɛnba													43726	wt
1527665647982	assemblée spéciale d'un jour	yq		tile kelen lajɛnba													43726	wt
1527665647983	assemblée régional	yq		tile saba lajɛnba													43726	wt
1527665647984	texte du jour	yq		tilera kalan				lon o lon ka miiriya									43726	wt
1527665647988	siège national	jl 22		tɔnbolo biro	jl								tɔn bolofara	BM			43726	wt
1527665647990	alliance	jl		layidu													43726	wt
1527665647991	grande tribulation	yq		tɔɔrɔba													43726	wt
1527665647992	déluge	yq		tufane jii				sanjiba									43726	wt
1527665647993	compagnon	yq		tunɲɔgɔn													43726	wt
1527665647994	convertir(se)	yq		tuubi													43726	wt
1527665647995	éviter les extrêmes	yq		u waganen tɛ													43726	wt
1527665647996	retrait volontaire	yq		u yɛrɛ mabɔ kafo la													43726	wt
1527665647997	à cause de leur état de pécheur	yq		u yɛrɛw ka jurumutoya koson													43726	wt
1527665647999	verset	jl 9		vɛrise							Bibulusen		fitini	MLI			43726	wt
1527665648000	verset clé	yq		vɛrise jonjon													43726	wt
1527665648002	devoir sacré	yq		waajibiko senuman													43726	wt
1527665648004	quand nous prêchons	yq		waajuli kɛto													43726	wt
1527665648005	prédication	yq		waajulibaara													43726	wt
1527665648006	responsable au service	yq		waajulibaara kɔrɔsibaga													43726	wt
1527665648007	année de service	yq		waajulibaara saan													43726	wt
1527665648008	évangélisateur zélé	yq		waajulikɛla kisɛman													43726	wt
1527665648009	le numéro de carte de territoire	yq		waajulikɛyɔrɔ karti ka nimɔrɔ													43726	wt
1527665648010	groupes de prédication	yq		waajuliko jɛnkuluw													43726	wt
1527665648011	réunion de service	yq		waajuliko lajɛn													43726	wt
1527665648012	comité de service	yq		waajuliko ɲɛnabɔbagaw jɛnkulu													43726	wt
1527665648013	temps critiques sont là	yq		wagati gwɛlɛnw sera an kun													43726	wt
1527665648014	temps imparti	yq		wagati latigɛlen													43726	wt
1527665648015	un autre moment de la journée	yq		wagati wɛrɛ la tile kɔnɔ													43726	wt
1527665648016	prêcher	yq		wajuli kɛ													43726	marked wt
1527665648017	territoire (prédication)	yq		wajulikɛ yɔrɔ													43726	wt
1527665648018	fait (de prédication)	yq		wale													43726	wt
1527665648021	enseignant capable	yq		weleweledala kolonbaga				weleweledala setigi									43726	wt
1527665648023	proclamateur moins expérimenté	yq		weleweledala kura													43726	wt
1527665648025	cette méthode est elle toujours utile ?	yq		yala o kɛcogo be sanga la hali bi wa ?													43726	wt
1527665648026	conversion	yq		yɛlɛmani													43726	wt
1527665648027	sacrifier (se)	yq		yɛrɛ saraka (réfléchi)													43726	wt
1527665648028	offrande de soi	yq		yɛrɛkundili													43726	wt
1527665648030	esprit d'indépendance	yq		yɛrɛta hakili													43726	wt
1527665648033	psalmiste	yq		zaburu sɛbɛbaga													43726	wt
1527665648035	ancien numéro	yq		zurunali koroman													43726	wt
1527665648036	journée de périodiques	yq		zurunaliw dilon													43726	wt
1527665648037	tournée de périodiques	yq		zurunaliw disira													43726	wt
1527665648038	diffusion des périodiques	yq		zurunaliw jɛnsɛnni													43726	wt
1528499809450	Titre			Kalankun													43726	
1528499809451	Soyons des auditeurs et des pratiquants de la Parole de Dieu	wt		Aw kana kɛ tulogwerenw ye fewu	9												43726	dp
1528499809452	Soyons honnêtes en paroles et en actions	wt		An ka koow kɛ ni hɔɔrɔnya ye tuma bɛɛ	10												43726	dp
1528499809453	Faisons de Jéhovah notre confiance	wt		An k’an jigi la Jehova kan	70												43726	dp
1528499809454	Comment rester spirituellement éveillé	wt		An be se ka to ɲɛɛ na cogo di alako ta fan fɛ?	71												43726	dp
1528499809455	L'amour : marque distinctive de la vraie congregation chretienne	wt		Kanuya: kerecɛn sɔbɛw ka kafo be lɔn o lo fɛ	72												43726	dp
1528499809456	Qui est qualifié pour être ministre de Dieu ?	wt		Jɔn lo ka koow dafara ka kɛ ala ka ciden ye?	81												43726	dp marked
1528499809457	Jéhovah et Jésus Christ font-ils partie d'une trinité ?	wt		Yala Jehova ni krista ye ala tigiya saba faan dw ye wa?	82												43726	dp
1528499809458	L'heure du jugement de la religion est arrivée	wt		Diinan kiti wagati sera	83												43726	dp
1528499809459	Partagerons-nous le sort du monde ?	wt		Koo min bena dunia nin sr, yala aw bena kisi o ma wa?	84												43726	dp marked
1528499809460	Une bonne nouvelle dans un monde de violence	wt		Kibaro duman, dunia fariman kan	85												43726	dp
1528499809461	Des prieres que Dieu entend	wt		Ala be delili minw lamɛn	86												43726	dp
1528499809462	Quelles relations entretenons-nous avec Dieu ?	wt		Jɛnɲɔgɔnya juman be aw ni ala cɛ?	87												43726	dp
1528499809463	Pourquoi vivre en accord avec les principes de la Bible ?	wt		Mun na an ka ɲi ka ɲɛnamaya kɛ ka kɛɲɛ ni bibulu ka sariyaw ye?	88												43726	dp
1528499809464	Venez, vous qui avez soif de vérité	wt		Tiɲɛn minnɔgɔ be aw minw na, a’ ye na!	89												43726	dp
1528499809465	Aspirons a la vie veritable !	wt		An ka ɲɛnamaya sɔbɛ ɲini!	90												43726	dp
1528499809466	Pourquoi avoir confiance en la Bible	wt		Fɛɛn min kama an be se k’an jigi la bibulu kan	99												43726	dp
1528499809467	L'amitié véritable avec Dieu et avec le prochain	wt		Teriya sɔbɛ an ni ala cɛ, ani an ni an mɔgɔɲɔgɔn cɛ	100												43726	dp marked
1528499809468	Jéhovah : le Grand Créateur	wt		Jehova: danbagaba	101												43726	dp
1528499809469	Prestons attention a la parole prophetique	wt		An k’an janto kiraya kuma na	102												43726	dp
1528499809470	On peut trouver la joie en servant Dieu	wt		Aw be se ka ɲagali sɔrɔ ala ka baara la	103												43726	dp
1528499809471	Parents, bâtissez-vous avec des matériaux à l'épreuve du feu ?	wt		Bangebagaw, yala aw be lɔli kɛ ni minanw ye tasuma tɛ se ka minw jeni wa?	104												43726	dp
1528499809472	Trouvons la consolation dans toutes nos tribulations	wt		An ka dususaalo sɔrɔ an ka tɔɔrɔw bɛɛ la	105												43726	dp
1528499809473	Ceux qui ruinent la terre subiront le châtiment de Dieu	wt		Ala bena dugukolo tiɲɛbagaw halaki	106												43726	dp
1528499809474	Ayons une bonne conscience dans un monde dominé par le péché	wt		An ka kɛ ni dusukun ɲuman ye duniɲa jurumutɔ kɔnɔ	107												43726	dp
1528499809475	Ne craignons pas l'avenir	wt		An kana siran sini koow ɲɛ	108												43726	dp
1528499809476	Le Royaume de Dieu est proche	wt		Ala ka masaya surunyana	109												43726	dp
1528499809477	Une vie de famille heureuse : en accordant la première place a Dieu	wt		Gwa hɛɛrɛman: ni ala ka koow be bila koow bɛɛ ɲɛ	110												43726	dp
1528499809478	La guérison des nations et ses effets	wt		Siyaw ka kɛnɛyali ani a nɔfɛ koow	111												43726	dp
1528499809479	Comment faire preuve d'amour dans un monde d'illégalité	wt		Kanuyayiracogo duniɲa kɔnɔ min be sariya tiɲɛ	112												43726	dp
1528499809480	Comment les jeunes peuvent-ils affronter le monde en crise ?	wt		Denmisɛnw be se ka see sɔrɔ bi gwɛlɛya kan cogo di?	113												43726	dp
1528499809481	Apprécions les merveilles de la création de Dieu	wt		Ala ka danfɛn cɛɲumanbaw koo ka diya an ye	114												43726	dp
1528499809482	Comment se protéger des pièges de Satan	wt		An yɛrɛ tanga cogo sitanɛ ka jaanw ma	115												43726	dp
1528499809483	Faisons preuve de sagesse dans le choix de nos fréquentations	wt		An ka hakili sɔrɔ tagamaɲɔgɔnw sugandili la	116												43726	dp
1528499809484	Comment vaincre le mal par le bien	wt		An be se ka see sɔrɔ juguya kan koo ɲuman fɛ cogo min na	117												43726	dp
1528499809485	Ayons la pensée de Jéhovah sur les jeunes	wt		An ka kɛ ni jehova ka miiriyaye denmisɛnw koo la	118												43726	dp
1528499809486	Les chrétiens se tiennent séparés du monde : Pourquoi est-ce bénéfique ?	wt		Kerecɛnw b’u yɛrɛw faran ka bɔ duniɲa ka koow la: mun nafa b’a la?	119												43726	dp
1528499809487	Pourquoi se soumettre dès maintenant à la domination de Dieu	wt		Mun na an ka ɲi ka kolo ala ka kuntigiya ye kabini sisan	120												43726	dp
1528499809488	Une communauté mondiale de frères sauvée du malheur	wt		Duniɲa kuru bɛɛ kɔnɔ balimaya jɛnkulu min kisira ka bɔ bɔnɛ la	121												43726	dp
1528499809489	La paix universelle : d'ou viendra-t-elle ?	wt		Hɛɛrɛ, duniɲa kuru bɛɛ kɔnɔ: o bena bɔ min?	122												43726	dp
1528499809490	Pourquoi les chretiens doivent être différents	wt		Mun na kerecɛnw ka kan ka kɛ daan na?	123												43726	dp
1528499809491	Raisons de croire que Dieu est l'Auteur de la Bible	wt		Dalilu minw b’a yira ko ala lo ye bibulu tigi ye	124												43726	dp
1528499809492	Pourquoi l'humanite a-t-elle besoin d'une rançon ?	wt		Mun na hadamadenya mako be kunmabɔsara la	125												43726	dp
1528499809493	Qui sera sauvé ?	wt		Jɔn lo be se ka kisi?	126												43726	dp
1528499809494	Que se passe-t-il quand on meurt ?	wt		Mun lo be kɛ n’an sara?	127												43726	dp
1528499809495	L'enfer est-il réellement un lieu de flammes et de tourments ?	wt		Yala jahanama ye tasuma ni tɔɔrɔ yɔrɔ ye tiɲɛn na wa?	128												43726	dp
1528499809496	La Bible enseigne-t-elle la Trinite ?	wt		Yala bibulu be kalan kɛ ko ala ye tigiya saba ye wa?	129												43726	dp
1528499809497	La terre subsistera pour toujours	wt		Dugukolo bena to yen fɔɔ abada	130												43726	dp
1528499809498	Le Diable existe-t-il vraiment ?	wt		Yala sitanɛ be yen tiɲɛn na wa?	131												43726	dp
1528499809499	La victoire sur la mort grâce à la résurrection	wt		Suu kununni: see sɔrɔli lo saya kan!	132												43726	dp
1528499809500	Les chretiens doivent-ils observer le sabbat ?	wt		Yala kerecɛnw ka kan ka lafiɲɛlon labato wa?	134												43726	dp
1528499809501	Le caractère sacré de la vie et du sang	wt		Ɲɛnamaya ni joli ka senumanya	135												43726	dp
1528499809502	Dieu approuve-t-il l'utilisation d'images dans le culte ?	wt		Yala ala be sɔn an ka tɛmɛ boliw fɛ ka batoli kɛ wa?	136												43726	dp
1528499809503	Les miracles de la Bible ont-ils vraiment eu lieu ?	wt		Bibulu be kabako minw kofɔ, yala u kɛra tiɲɛn na wa?	137												43726	dp
1528499809504	Vivons avec bon sens au sein d'un monde depravé	wt		An ka ɲɛnamaya kɛ ni hakilisigi ye kakalaya duniya kɔnɔ	138												43726	dp
1528499809505	La sagesse divine dans un monde épris de science	wt		Ala ka hakilitigiya duniɲa kɔnɔ, lɔnnikow ye min kuun minɛ	139												43726	dp
1528499809506	Jesus Christ : le nouveau Chef de la terre	wt		Yezu krista ye jɔn lo ye tigitigi?	140												43726	dp
1528499809507	L'humanité gémit : jusqu'à quand ?	wt		Hadamadenya be ¿unanna: o ¿unan bena ban tuma juman?	141												43726	dp
1528499809508	Pourquoi se réfugier en Jéhovah	wt		Mun na an ka ɲi ka jehova kɛ an ka kalifayɔrɔ ye?	142												43726	dp
1528499809509	Ayez confiance dans le Dieu de toute consolation	wt		An k’an jigi la dusu saaloli bɛɛ tigi ala kan	143												43726	dp
1528499809510	Une Assemblée fidèle sous la direction de Christ	wt		Kafo kantigiman, min be kirista ka kuntigiya jukɔrɔ	144												43726	dp
1528499809511	Qui est comme Jéhovah notre Dieu ?	wt		Jɔn be i ko jehova, an ka ala?	145												43726	dp
1528499809512	Utilisons l'instruction pour louer Jéhovah	wt		An ka baara kɛ ni kalan ye walisa ka jehova tando	146												43726	dp
1528499809513	Ayons confiance dans la force salvatrice de Jéhovah	wt		An k’an jigi la jehova ka kisili fanga kan	147												43726	dp
1528499809514	Avez-vous la pensée de Dieu sur la vie ?	wt		Yala aw be niin jati i ko ala b’a jati cogo min na wa?	148												43726	dp
1528499809515	Marchez-vous avec Dieu ?	wt		Yala aw be tagamana ni ala ye wa?	149												43726	dp
1528499809516	Voyez-vous en Dieu une personne réelle ?	wt		Yala ala ye tiɲɛn ye aw ɲɛɛ na wa?	150												43726	dp
1528499809517	Jéhovah est « une hauteur sûre » pour son peuple	wt		Jehova ye a ka mɔgɔw ‘marabaga’ ye	151												43726	dp
1528499809518	La bataille d'Harmaguédon : pourquoi et quand ?	wt		Harmagedɔn kɛlɛ: mun na, ani tuma juman?	152												43726	dp
1528499809519	Gardez constamment a l'esprit le « jour redoutable »	wt		A’ ye jatigɛlon to aw hakili la tuma bɛɛ!	153												43726	dp
1528499809520	La domination humaine : l'heure du bilan	wt		Hadamadenw ka kuntigiya kɛcogo: a jateminɛ	154												43726	dp
1528499809521	L'heure du jugement de Babylone est-elle arrivée ?	wt		Yala babylɔnɛ kiti wagati sera wa?	155												43726	dp
1528499809522	Le jour du jugement : un jour de terreur ou desespoir ?	wt		Kiti loon: jatigɛ loon lo wala jigiya loon lo?	156												43726	dp
1528499809523	Les vrais chrétiens parent l'enseignement divin	wt		Kerecɛn lakikaw be ala ka kalan cɛɲumanya yira cogo min na	157												43726	dp
1528499809524	Soyez courageux et mettez votre confiance en Jéhovah	wt		A’ ye aw jagwlɛya ka aw jigi la jehova kan	158												43726	dp
1528499809525	Comment trouver la securite dans un monde dangereux	wt		Cogo juman na an lakanalen be se ka sigi duniɲa fariman kɔnɔ?	159												43726	dp
1528499809526	Préservez votre identité chrétienne !	wt		An k’an ka kerecɛnya jogo tanga!	160												43726	dp
1528499809527	Pourquoi Jésus a-t-il souffert ? Pourquoi est-il mort ?	wt		Mun na yesu tɔɔrɔla ka sa?	161												43726	dp
1528499809528	Délivrés d’un monde de ténèbres	wt		An kunmabɔra duniɲa dibiman bolo	162												43726	dp
1528499809529	Pourquoi craindre le vrai Dieu ?	wt		Mun na an ka ɲi ka siran tiɲɛn ala ɲɛ?	163												43726	dp
1528499809530	Dieu est-il toujours le Souverain de la terre ?	wt		Yala ala ye dugukolo kuntigi ye hali bi wa?	164												43726	dp
1528499809531	Affrontons l'avenir avec foi et courage	wt		An ka siniɲasigi kunbɛn ni limaniya ni jagwɛlɛyaye	166												43726	dp
1528499809532	Agissons sagement dans un monde insensé	wt		An ka koow kɛ ni hakilitigiyaye nin duniɲa hakilintan kɔnɔ	167												43726	dp
1528499809533	En sécurité dans un monde agité	wt		Aw lakanalen be se ka sigi duniɲa ɲagaminen nin kɔnɔ!	168												43726	dp
1528499809534	Pourquoi se laisser guider par la Bible ?	wt		Mun na an ka ɲi k’a to bibulu b’an ɲɛminɛ?	169												43726	dp
1528499809535	Qui est qualifié pour diriger l'humanité ?	wt		See be jɔn lo ye ka hadamadenw mara?	170												43726	dp
1528499809536	Vivez dans la paix des a present et pour l'éternité !	wt		Aw be se ka ɲɛnamaya kɛ hɛɛrɛ la sisan, ani fɔɔ abada!	171												43726	dp
1528499809537	Quelle réputation avez-vous aupres de Dieu ?	wt		Aw ka lɔyɔrɔ ye juman ye ala ɲɛɛ kɔrɔ?	172												43726	dp
1528499809538	Dieu approuve-t-il une religion en particulier ?	wt		Yala ala be sɔn diinanw bɛɛ la wa?	173												43726	dp
1528499809539	Le monde nouveau promis par Dieu : qui y sera admis ?	wt		Ala ka duniɲa kura: jɔn lo bena don yen?	174												43726	dp
1528499809540	La Bible : un livre digne de foi	wt		Mun lo b’a yira ko bibulu ye kitabu lakika ye?	175												43726	dp
1528499809541	La paix et la sécurité véritables : quand ?	wt		Hɛɛrɛ ni lafiya sɔbɛ: o bena sɔrɔ tuma juman?	176												43726	dp
1528499809542	Ou trouver de l'aide dans les temps de détresse ?	wt		I be se ka dm sr min tr wagati la?	177												43726	dp
1528499809543	Marchez dans la voie de l'intégrité	wt		An ka kantigiya sira tagama	178												43726	dp
1528499809544	Rejetez les illusions du monde; poursuivez les réalités du Royaume	wt		An ka ban duniɲa ka lafililikow ma ani an ka tugu masaya ka tiɲɛnkow kɔ	179												43726	dp
1528499809545	Pourquoi croire en la résurrection ?	wt		Sukununi: mun na o ka kan ka kɛ jigiya sɔbɛ ye aw fɛ?	180												43726	dp
1528499809546	Est-il plus tard que vous ne le pensez ?	wt		Kɔni duniɲa laban wagati tɛna bari aw la dɛ?	181												43726	dp
1528499809547	Ce que le Royaume de Dieu fait pour nous dès maintenant	wt		Ala ka masaya be min ɲɛna an ye kabini sisan yɛrɛ	182												43726	dp
1528499809548	Détournons les yeux de ce qui ne vaut rien !	wt		A’ ye aw ɲɛɛw bɔ fɛɛn fufafuw kan!	183												43726	dp
1528499809549	La mort est-elle la fin de tout ?	wt		Yala saya ye koo bɛɛ banni lo ye wa?	184												43726	dp
1528499809550	La verite influence-t-elle votre vie ?	wt		Tiɲɛn be nɔɔ juman to aw kan?	185												43726	dp
1528499809551	Unissez-vous au peuple heureux de Dieu	wt		A’ ye jɛn ni ala ka jama ye o min be hɛɛrɛ la	186												43726	dp
1528499809552	Pourquoi un Dieu d'amour permet-il la méchanceté ?	wt		Mun na kanutigi ala b’a to tɔɔrɔw be kɛ?	187												43726	dp
1528499809553	Placez-vous votre confiance en Jéhovah ?	wt		Yala aw jigi lanin be jehova lo kan wa?	188												43726	dp
1528499809554	Marcher avec Dieu procure des bienfaits, maintenant et pour toujours	wt		Minw be tagama ni ala ye, u be duga sɔrɔ a la sisan yɛrɛ ani fɔɔ abada	189												43726	dp
1528499809555	La promesse d'un bonheur familial parfait	wt		Layidu: hɛɛrɛ dafanin koo la denbaya kɔnɔ	190												43726	dp
1528499809556	Comment l'amour et la foi peuvent vaincre le monde	wt		Kanuya ni limaniya b’an dɛmɛ ka see sɔrɔ duniɲa kan cogo di?	191												43726	dp
1528499809557	Marchez-vous sur la route qui mène à la vie éternelle ?	wt		Yala i be ɲɛnamaya banbali sira kan wa?	192												43726	dp
1528499809558	Delivrés de la detresse	wt		Kisili, duniɲa ka tɔɔrɔba wagati la	193												43726	dp
1528499809559	montrons notre reconnaissance pour ce que christ a fait pour nous	wt		krista ye min kɛ aw ye, aw k’a waleɲuman lɔn o kɔsɔn!													43726	dp
1529143433510	egypte	yq		misira				Ezipti									43725	geo
1529244629184	ambiance chaleureuse	yq		jɛnɲɔgɔnya teriman													43726	wt
1529244629185	ambitieux	yq		dusutigi							Min te yɛrɛ dan lɔn						43726	wt
1529244629186	arche	yq		waganden													43726	wt
1529244629187	auteur de la famille	yq		denbaya jusigibaga													43726	wt
1529244629188	avec franchise	yq		ni kɔnɔgwɛ ye													43726	wt
1529244629189	avec habileté	yq		...ni hakili diya ye													43726	wt
1529244629190	ivrognerie	yq		dɔrɔtɔya							Dɔlɔtɔya						43726	wt
1529244629192	diriger son regard vers	yq		ɲɛsin fɛn ma													43726	marked wt
1529599765311	vie	jl		ɲenamaya													43726	
1529599765312	vrai disciple	jl		kalanden sɔbɛ													43726	
1529599765314	enseignement véridique	jl		kalan tigitigi													43726	
1529599765316	vrai enseignement	jl		kalan lakika													43726	
1529599765317	vraie foi	jl		limaniya lakika													43726	
1529599765318	bon père	jl		faa ɲuman													43726	
1529599765319	père céleste	jl		sankolo faa				sankolola faa									43726	
1529599765320	paix éternelle	jl		hɛɛrɛ banbali													43726	
1529599765321	créateur	jl		danbaga													43726	
1529599765322	monde nouveau	jl		dugukolo kuru													43726	
1529599765323	culte pur de jéhovah	jl		jehova ka batoli saniman													43726	
1529599765324	amour	jl		kanuya													43726	duplicate
1529599765326	croyances	jl 1		lannakow													43726	
1529599765327	principes bibliques	jl 1		bibulu ka sariyaw				bibulu ka sariyakolow	wt 2018/10								43726	
1529599765328	valeurs de dieu	jl 1		ala ka fɔtaw													43726	
1529599765329	honnête	jl 1		hɔɔrɔnw													43726	
1529599765332	digne, libre	jl 1		hɔɔrɔn													43726	
1529599765333	faiblesse	jl 1		barikantanya													43726	
1529599765335	étudiants de la bible	jl 2		bibulu kalendenw													43726	
1529599765336	des siècles	jl 2		saan kɛmɛ-kɛmɛ													43726	
1529599765337	tribunal	jl 2		kititigɛso													43726	
1529599765338	innocent	jl 2		jalakibali													43726	
1529599765339	vérité	jl 2		tiɲɛn													43726	
1529599765340	témoin fidèle et véridique	jl 2		seere tilennin tigitigi													43726	
1529599765341	étudiant sérieux	jl 2		kalenden sɔbɛ													43726	
1529599765342	enseignant	jl 3		karamɔgɔ													43726	duplicate
1529599765343	menteur	jl 3		ngalontigɛla													43726	
1529599765344	premiers chrétiens	jl 3		kerencɛn fɔlɔw													43726	
1529599765345	idées non chrétiennes	jl 3		kafiriyakow													43726	
1529599765347	vrai	jl 3		lakika													43726	marked
1529599765349	passage de la bible	jl 3		bibulusen													43726	
1529599765350	compréhension	jl 3		famuyali													43726	
1529599765351	espoir de la résurection	jl 3		sukununi jigiya													43726	
1529599765352	fausse croyance	jl 3		ngalon lannako													43726	
1529599765353	traduction de la bible	jl 4		bibulu bayɛlɛmani													43726	
1529599765354	authentique / vrai	jl 4		tigitigi				lakika									43726	duplicate
1529599765355	manuscrits	jl 4		bibulu bololasɛbɛni													43726	
1529599765356	hébreux	jl 4		heburukan	langue												43726	
1529599765357	araméen	jl 4		aramekan													43726	
1529599765358	grecque	jl 4		grɛkikan													43726	
1529599765360	anciens manuscrits de la bible	jl 4		bibulu bololasɛbɛni kɔrɔkɔrɔw													43726	
1529599765361	pensées de dieu	jl 4		ala ka miiriyaw													43726	
1529599765362	habitude	jl 4		delinanko													43726	
1529599765363	lieu de culte	jl 5		alabatoyɔrɔ													43726	
1529599765364	réconfort	jl 5		dususalo													43726	
1529599765368	frère	jl 5		balimacɛ													43726	
1529599765369	soeur	jl 5		balimamuso													43726	
1529599765370	enseignant qualifié	jl 5		karamɔgɔ setigi													43726	
1529599765371	force	jl 5		barika (n.)													43726	
1529599765372	prochaine réunion	jl 5		lajɛn nata													43726	
1529599765373	acceuillir	jl 5		bisimila													43726	
1529599765374	chaleur (humaine)	jl 5		dusudiya													43726	
1529599765375	se réunir avec nos compagnons chrétiens	jl 6		ka jɛn n'an kerecɛnɲogow ye													43726	
1529599765376	bénéfice	jl 6		nafa													43726	duplicate
1529599765377	paix	jl 6		hɛɛrɛ													43726	
1529599765380	surmonter	jl 6		ka see sɔrɔ													43726	
1529599765381	divertissements	jl 6		ɲɛnagwɛ													43726	
1529599765382	fréquentations	jl 6		jɛnɲɔgɔnya													43726	
1529599765383	chant	jl 7		donkili													43726	
1529599765384	prière	jl 7		delili													43726	
1529599765385	bénéfique	jl 7		nafaman													43726	
1529599765388	participer à la discussion	jl 7		daa don baro la													43726	
1529599765389	conseil	jl 7		ladili													43726	duplicate
1529599765390	étude biblique de la assemblée	jl 7		kafo ka bibulu kalan													43726	
1529599765391	lecture	jl 7		kalangwɛ													43726	
1529599765392	démonstration	jl 7		nɛyiraliw													43726	
1529599765393	interviews	jl 7		fɛtaw													43726	wt
1529599765394	manière de s'habiller	jl 8		fani doncogo													43726	
1529599765395	respect de dieu	jl 8		ala ka bonya													43726	
1529599765396	couvrir	jl 8		sutara													43726	
1529599765398	se montrer; se glorifier	jl 8		yɛrɛ yira													43726	
1529599765402	simple	jl 8		dama kɛɲɛnin													43726	
1529599765403	moulant	jl 8		ferekenin													43726	
1529599765404	sauveur	jl 8		kisibaga													43726	
1529599765405	louer	jl 8		tanu				tando									43726	
1529599765406	louange	jl 8		tanuli													43726	
1529599765410	portable	jl 9		selilɛri													43726	
1529599765411	coeur brisé	jl 9		hakili ɲagami													43726	
1529599765413	points clés	jl 9		yɔrɔ jɔnjɔnw													43726	
1529599765414	pensées clés	jl 9		hakilinata													43726	
1529599765415	sous-titre / intertitre	jl 9		cɛtigɛ													43726	wt
1529599765416	pensées importantes	jl 9		miiriya jɔnjɔnw													43726	
1529599765417	paragraphe	jl 9		dakun													43726	duplicate
1529599765418	expressions clés	jl 9		kumaden jɔnjɔnw													43726	
1529599765419	commentaire	jl 9		lakalita													43726	
1529599765420	chaque semaine	jl 9		lɔgɔkun o lɔgɔkun													43726	
1529599765421	culte familiale	jl 10		gwa kɔnɔ batoli													43726	
1529599765422	membres de la famille	jl 10		denbayamɔgɔw													43726	
1529599765423	besoin	jl 10		makoya													43726	duplicate
1529599765424	grace à	jl 10		sababu													43726	
1529599765425	approcher de jéhovah	jl 10		magwɛrɛ jehova la													43726	
1529599765426	conduite	jl 10		jogo													43726	
1529599765427	acte / comportement	jl 10		kɛwale													43726	
1529599765433	cantique / mélodie / chanson / chant	jl 10		dɔnkili													43726	duplicate
1529599765434	boisson	jl 10		minnifɛn													43726	
1529599765435	nourriture	jl 10		dumunifɛn													43726	
1529599765436	moment propice	jl 10		wagati kɛrɛnkɛrɛnnin													43726	
1529599765437	bénir	jl 10		duga	vi												43726	v wt
1529599765439	assemblée	jl 11		lajɛnba													43726	
1529599765440	empressement	jl 11		kɔrɔtɔ													43726	
1529599765441	chaque année	jl 11		saan o saan													43726	
1529599765442	fraternité	jl 11		balimaya													43726	
1529599765443	bienfait de l'amité	jl 11		teriya diya													43726	
1529599765445	progresser spirituellement	jl 11		ka taga ɲɛ alako ta fan fɛ													43726	
1529599765446	grande chose	jl 11		fɛɛnba													43726	
1529599765447	discours intéressants	jl 11		kalan diimanw													43726	
1529599765448	moments difficiles	jl 11		wagati gwɛlɛw													43726	
1529599765449	assemblée régionale	jl 11		tile saba lajɛnbaw													43726	
1529599765450	contenu de la bible	jl 11		bibulu kɔnɔko													43726	
1529599765451	baptiser	jl 11		batize													43726	
1529599765452	prédication	jl 12		waajuli baara													43726	
1529599765454	royaume des cieux	jl 12		sankolo masaya													43726	
1529599765455	toutes les nations	jl 12		siyaw bɛɛ													43726	
1529599765456	dans le monde entier	jl 12		duniɲa kuru bɛɛ kɔnɔ													43726	
1529599765458	rendre visite à quelqu'un	jl 12		ka taga bɔ mɔgɔw ye													43726	
1529599765459	remplir la mission	jl 12		cii dafa													43726	
1529599765460	en tout lieux	jl 12		yɔrɔ o yɔrɔ													43726	
1529599765461	lieux public	jl 12		foroba yɔrɔw													43726	
1529599765463	puits	jl 12		kɔlɔnda													43726	
1529599765464	commerces	jl 12		jagokɛyɔrɔw													43726	
1529599765465	jardin	jl 12		zaradɛn													43726	
1529599765467	voisins	jl 12		sigiɲɔgɔnw													43726	
1529599765468	collègue de travail	jl 12		baarakɛɲɔgɔn													43726	
1529599765469	camarades de classe	jl 12		lakɔli filankuruw													43726	
1529599765471	bonne nouvelle du royaume de dieu	jl 12		ala ka masaya kibaro diiman													43726	
1529599765472	avenir	jl 12		siniɲasigi													43726	
1529599765473	message d'espoir	jl 12		jigiya kuma													43726	
1529599765474	route de la vie	jl 13		kisili sira													43726	
1529599765475	entreprendre le service de pionnier	jl 13		ka seen don piyɔniye baara la													43726	
1529599765476	prédicateur à plein temps	jl 13		kudayi waajulikɛla													43726	
1529599765478	d'une manière simple	jl 13		cogo nɔgɔman													43726	
1529599765479	désespoir	jl 13		jigi tigɛ													43726	
1529599765480	service missionnaire	jl 14		misɔndenya barra													43726	
1529599765482	suivre les traces de jésus	jl 14		ka tagama yezu seen nɔɔ na													43726	
1529599765483	pécheur	jl 14		jurumutɔ													43726	
1529599765484	sacrifice de soi	jl 14		yɛrɛ saraka													43726	
1529599765485	coutumes	jl 14		landaw													43726	
1529599765486	climat	jl 14		wagati cogoya													43726	
1529599765489	village	jl 14		dugudennin													43726	
1529599765490	engin	jl 14		bolifɛn													43726	
1529599765491	bonne formation	jl 14		fɔrɔmasɔn ɲuman													43726	
1529599765492	école biblique de giléad	jl 14		gilead ka bibuluko lakɔli													43726	
1529599765493	groupe	jl 14		jɛnkulu													43726	
1529599765494	enseignant de la bible	jl 14		bibulu karamɔgɔ													43726	
1529599765495	toute la terre	jl 14		diɲɛ faan bɛɛ													43726	
1529599765496	assemblée chrétienne primitive	jl 15		kerecɛn kafo daminɛ													43726	
1529599765497	mûre	jl 15		kɔgɔnin													43726	
1529599765498	présider une assemblée	jl 15		kafo ɲɛminɛ													43726	
1529599765499	prendre soin	jl 15		mara													43726	
1529599765500	immuable	jl 15		diyagoya													43726	
1529599765501	approbation	jl 15		diyanye													43726	
1529599765502	bonne intention	jl 15		ɲaniya ɲuman													43726	
1529599765505	berger	jl 15		sagadɛndɛla													43726	
1529599765506	fidèle	jl 15		kantigi													43726	marked
1529599765507	chez nous	jl 15		an ka soo													43726	
1529599765508	gagne pain	jl 15		baloɲini barra													43726	
1529599765510	jeune	jl 16		kanbele													43726	
1529599765511	adulte	jl 16		baliku													43726	
1529599765513	souhaiter la bienvenue	jl 16		ka mɔgɔw bisimila													43726	
1529599765514	sonorisation	jl 16		sono													43726	
1529599765515	publications	jl 16		gafew													43726	
1529599765516	entretenir la salle du royaume	jl 16		masaya boon ladonko													43726	
1529599765517	bon exemple	jl 16		ɲɛyirali ɲuman													43726	
1529599765518	zèle	jl 16		kisɛya													43726	
1529599765519	celui qui aide	jl 16		dɛmɛbaga													43726	
1529599765520	tenir promesse	jl 16		saratiw dafa													43726	
1529599765521	genre d'homme	jl 16		mɔgɔ sifa													43726	marked
1529599765522	s'inquiéter	jl 17		hami													43726	
1529599765523	centaines de kilomètres	jl 17		kilomɛtɛrɛ kɛmɛ-kɛmɛ													43726	
1529599765524	personnes âgées	jl 17		mɔgɔkɔrɔbaw													43726	
1529599765526	études bibliques	jl 17		bibulukalanw													43726	
1529599765527	réunions et assemblées	jl 17		lajɛnw ni lajɛnbaw													43726	
1529599765528	progrès	jl 17	(n.)	ɲɛtaga													43726	wt
1529599765529	populaire (notoriété)	jl 17		ka sanga sɔrɔ													43726	
1529599765530	les nouveaux	jl 17		mɔgɔ kuraw													43726	
1529599765531	fidélité	jl 17		kantigiya													43726	
1529599765533	catastrophes	jl 18		balawo													43726	
1529599765534	si les problèmes s'abattent sur eux	jl 18		ni balawo cunna u kan													43726	
1529599765536	une partie du monde	jl 18		duniɲa faan dɔ													43726	
1529599765538	pagnes/habits	jl 18		faniw													43726	
1529599765539	chambre	jl 18		layɔrɔ													43726	
1529599765540	soins médicaux	jl 18		furakɛli													43726	
1529599765541	comité	jl 18		kɔmite													43726	
1529599765542	établir	jl 18		ka sigi sen kan													43726	
1529599765543	transport	jl 18		taransipɔri													43726	
1529599765546	le père de toute consolation	jl 18		dusu saaloli bɛɛ tigi													43726	
1529599765548	rassurer	jl 18		jigi sigi													43726	
1529599765550	symbole	jl 19		tagamasiɲɛ													43726	
1529599765551	contribuer	fg	(v.)	nili			N'i b'a fɛ ka nili kɛ...	bolomafara		Ni b'a fɛ ka bolomafara							43726	add
1529599765552	moment opportun	jl 19		wagati latigɛlen na													43726	
1529599765553	vrai étudiant	jl 19		kalanden lakikaw													43726	
1529599765555	objets matériels	jl 19		bololafɛnw													43726	
1529599765556	vérités bibliques	jl 19		bibulu ka tiɲɛn kumaw													43726	
1529599765557	augmenter / prospérer	jl 19		yiriwa													43726	wt
1529599765558	chrétien oint	jl 20		kerecɛn mɔlenw													43726	
1529599765559	basé la discussion sur la bible	jl 20		ka baro basigi bibulu ka fɔta kan													43726	
1529599765560	parole de dieu	jl 20		ala ka kuma													43726	
1529599765561	choses spirituelles	jl 20		alakow													43726	
1529599765562	premier siècle	jl 20		saan kɛmɛkulu fɔlɔ													43726	
1529599765563	commandements / instructions	jl 20		cikanw													43726	wt
1529599765564	lettre	jl 20		lɛtɛrɛw														
1529599765565	autres moyens	jl 20		fɛɛrɛ wɛrɛw													43726	wt
1529599765566	peuple de dieu	jl 20		ala ka jama													43726	
1529599765567	surveiller	jl 20		kɔrɔsi													43726	duplicate
1529599765568	confier	jl 20		kalifa													43726	vt wt
1529599765569	guide	jl 20		ɲɛminɛ (n)	n												43726	wt
1529599765570	lieu de travail	jl 21		baarakɛbonw													43726	
1529599765571	siège des témoins de jéhovah	jl 21		jehovah seerew ka sigiyɔrɔsoba													43726	
1529599765572	esprit de sacrifice	jl 21		yɛrɛsaraka hakili													43726	
1529599765575	salle à manger	jl 21		dumunikɛ boon													43726	
1529599765576	assainir la maison	jl 21		boon saniya													43726	
1529599765577	repasser	jl 21		pase													43726	
1529599765578	pression	jl 21		ɲɛɛ gwannin													43726	
1529599765580	traducteur	jl 21		bayɛlɛmabaga													43726	
1529599765581	fabriquer	jl 21		dilan													43726	
1529599765583	prédication de la bonne nouvelle	jl 21		kibaro diiman waajuli baara													43726	
1529599765585	revue	jl 22		magazɛn													43726	
1529599765587	représentant	jl 22		lasigiden													43726	
1529599765588	coordinateur de la filiale	jl 22		tɔnbolow kɔrɔsibagaw													43726	
1529599765590	préparatifs de l'assemblée	jl 22		lajɛnbaw labɛn													43726	
1529599765591	satisfaire un besoin	jl 22		mako wasa													43726	
1529599765592	bonne façon	jl 22		cogo bɛnnin													43726	
1529599765593	traduit	jl 23		bayɛlɛma													43726	
1529599765594	traduire	jl 23		bayɛlɛ													43726	
1529599765595	tous les décendants	jl 23		bɔnsɔnw bɛɛ													43726	
1529599765596	toutes les langues	jl 23		kanw bɛɛ													43726	
1529599765597	toutes sortes d'hommes	jl 23		mɔgɔ sifaw bɛɛ													43726	
1529599765598	localités	jl 23		bɔyɔrɔw													43726	
1529599765599	contenu des livres	jl 23		gafew kɔnɔkow													43726	
1529599765602	dépenses	jl 24		musakaw													43726	
1529599765603	répandre	jl 24		jɛnsen													43726	
1529599765604	prendre soin de	jl 24		ladon													43726	
1529599765605	faire des offrandes	jl 24		ka nili kɛ													43726	
1529599765608	démuni	jl 24		dɛsɛbagatɔ													43726	
1529599765609	obéir à jéhovah	jl 24		ka jehova bonya													43726	
1529599765611	vrai culte	jl 25		tijɛn batoli													43726	
1529599765612	dans le territoire	jl 25		kiin kɔnɔ													43726	
1529599765614	nombre de assemblées	jl 25		kafow hakɛ													43726	
1529599765615	construction	jl 25		lɔli													43726	duplicate
1529599765617	renouveller	jl 25		lakuraya													43726	
1529599765618	renouvellement	jl 25		lakurayali													43726	
1529599765619	bibliothèque	jl 27		bibilotɛki													43726	
1529599765620	lumière	jl 28		yeelen													43726	
1529599765622	histoires bibliques	jl 28		bibulu ka maana													43726	
1538912286696	principes bibliques	wt 2018/10		bibulu ka sariyakolow													43726	
19411554786	sacrifice rédempteur	bk		kunmabɔ  saraka													43726	wt
19411687406	juru sara	bk		propitiation													43726	wt
19411739780	kisi	bk		sauver													43726	wt
19411781712	sauver du péché et la mort	bk		ka kisi jurumu ni saya bolo													43726	wt
20017511166	mémorial de la mort de christ	bk		krista ka saya hakilijigi lajɛn													43726	wt
20017576005	la paque juive	bk		yahutuw ka tɛmɛnkan seli													43726	wt
20017637158	rompre le pain	bk		ka buru kari kari													43726	wt
20017677956	chair	bk		farisogo													43726	wt
20017719262	vin	bk		duvɛn													43726	wt
20017782740	valider	bk		sɛmɛtiya													43726	wt
20017822377	levure	bk		funufen													43726	wt
2217883563	païen	bk		kafiri													43726	wt
2477044405	puissant	bk		sebagaya													43726	wt
25806141398	encadré	bk		koorilen													43726	wt
27783419414	fondé sur les écritures			a basiginen be bibulu kan													43726	wt
27783419415	il chérissait son fils			a dencɛ ko tun ka di a ye hali													43726	wt
27783419416	se sentir heureux			a dusu diyara													43726	wt
27783419417	se sentir satisfait			a dusu wasara													43726	wt
27783419418	ses manières d'agir			a ka koow kɛcɔgɔw													43726	wt
27783419419	il parle exclusivement de			a kɔnɔnakow bɛɛ be kuma													43726	wt
27783419420	il était disposé			a labɛnnen tun lo ka ..													43726	wt
27783419421	il croit en …	yq		a lanen be .. na													43726	wt
27783419422	il croyait en …	yq		a lanen tun be…na													43726	wt
27783419423	il n'est pas intéressé.			a m'a mako don.													43726	wt
27783419425	écrit à l'envers			a sɛbɛra ka yɛlɛma ɲɛjugu kan													43726	wt
27783419426	elle m'est allée droit au cœur.			a sinna ka ne dusu minɛ.													43726	wt
27783419427	il ne cherche pas ses propres intérêts			a t'a yɛrɛ nafa ɲini													43726	wt
27783419428	il ne les lisait jamais			a tun m'u kalan ka ye													43726	wt
27783419429	veuillez l'utiliser largement			a' ye baara kɛ n'a ye caaman													43726	wt
27783419430	abonnement			abɔneman													43726	wt
27783419432	ésclave fidèle et avisé	yq		jɔncɛ kantigiman hakiliman	JL								jɔnkɛ dannamɔgɔ hakiliman	BM			43725	wt
27783419434	fidèle intendant de la faveur imméritée de dieu			ala ka nɛɛma nilifɛn marabaga dannamɔgɔw													43726	wt
27783419435	obéissance à dieu			ala kanminɛli													43726	wt
27783419436	impie			ala lɔnbali													43726	wt
27783419437	pécheurs impies			ala ɲɛsiranbali jurumutɔw													43726	wt
27783419438	trinité			ala sabaya													43726	wt
27783419439	volonté de dieu / divine	jl Intro		ala sago													43726	wt
27783419440	pensée spirituelle			alako miiriya													43726	wt
27783419441	trésor spirituel	jl 9		lɔnniya nafolo													43726	wt
27783419442	moisson spirituelle			alako sumatigɛ													43726	wt
27783419443	croyant			alalɔnbaga													43726	wt
27783419444	elle l'adopta comme son fils			ale y'a kɛ a yɛrɛ dencɛ ye													43726	wt
27783419446	scène du paradis			alijɛnɛ bisigi													43726	wt
27783419447	soyons déterminés à écouter			an k'an cɛsiri k'a lamɛn													43726	wt
27783419448	conjuguons nos efforts			an ka jɛn k'an jija ka …													43726	wt
27783419449	séparons-nous			an ka mabɔ ɲɔgɔnna													43726	wt
27783419450	soyons souples			an ka magaya													43726	wt
27783419451	continuons d'attendre jéhovah			an ka to ka jehova makɔnɔ													43726	wt
27783419452	parcourons entièrement le territoire			an ka waajuli kɛ  kiin kɔnɔ k'a dafa													43726	wt
27783419453	n'en concluez pas trop rapidement			an kana koroto k'a miiri ko													43726	wt
27783419454	notre glorieux père céleste			an sankolola faa cyɛnyumanba													43726	wt
27783419455	abordable			an te sigasiga ka kuma a fɛ				a labilanin lo mɔgɔw kama (être abordable)									43726	wt
27783419456	en ses propres termes			an yɛrɛ ka kumacogo la													43726	wt
27783419457	ne vous en remettez pas au hasard			aw kana miiri ko koow bena kɛ u yɛrɛ ye													43726	wt
27783419458	récompense merveilleuse			barajiba													43726	wt
27783419459	force fournie			barika dilen													43726	wt
27783419460	evènement imprévus			barinankow													43726	wt
27783419461	entrée en matière			baro dadon kuma													43726	wt
27783419462	bonne discussion			baro diiman													43726	wt
27783419463	thème / sujet de conversation	jl 3		barokun				kalankun									43726	wt
27783419464	idoles sans vie			batofɛnw ɲɛnaman tɛ													43726	wt
27783419465	traduction			bayɛlɛmani													43726	wt
27783419466	maltraitence des animaux			bɛgɛnw nintoro													43726	wt
27783419467	règlement des différents			bɛnbaliyaw ɲɛnabɔko													43726	wt
27783419468	à notre époque / de nos jours	jl 28		bi tilew la													43726	wt
27783419470	stocker			bila				bilanin									43726	duplicate wt
27783419471	image (sens figuré)/représentation			bisigi													43726	wt
27783419472	idôlatrie			boli batoli													43726	wt
27783419473	don matériel			bololafen nili													43726	wt
27783419474	matériel (sur le plan)			bololafɛn													43726	wt
27783419475	aide matérielle			bololafɛn dili													43726	wt
27783419476	montants des portes			bonda yiri													43726	wt
27783419477	généalogie / origine			buruju													43726	wt
27783419479	pédophilie			cɛnimusoya kɛ ni denfitiniw ye													43726	wt
27783419480	homosexualité			cɛɲɔgɔnɲini ni musoɲɔgɔnɲini koo													43726	wt
27783419483	message / prophète			cira													43726	wt
27783419484	message capital			cira kɔrɔtalen													43726	wt
27783419485	faux prophète			cira ngalontigɛla													43726	wt
27783419486	messager			ciraden													43726	wt
27783419487	de façon méthodique (ordonnée) / logique			cogo tilennen na													43726	wt
27783419488	frapper à une porte			daa kɔkɔ													43726	wt
27783419489	démarrer conversation			dabɔ baro kɛ													43726	duplicate wt
27783419490	inspirée de dieu	yq		dafiɲɛ fɛ (ala...)													43726	wt
27783419491	quelques paragraphes			dakun damanin dɔw													43726	wt
27783419492	nombre de paragraphes			dakun hakɛ													43726	wt
27783419493	renier			dalacɛ													43726	wt
27783419494	reniement			dalacɛli													43726	wt
27783419496	emblème			dasiri													43726	wt
27783419498	abîme			dingɛ dunba													43726	wt
27783419499	volonté / plaisir			diyanako													43726	wt
27783419502	recueil de cantiques			donkili gafe													43726	wt
27783419503	réduire, manquer de respect à			dɔgɔ													43726	wt
27783419505	bienfait			duga (n.)	n			Sara			Nafa						43726	wt
27783419506	bénis			dugaden				Dubaden									43726	wt
27783419507	chemise, vêtement, tunique			duloki				Dereke			Fani						43726	wt
27783419509	domination oppresive	yq		fanga marali				Ka marali kɛ ni fanga ye									43726	wt
27783419510	pharaon			faharuna													43726	wt
27783419511	force irrésistible			fanga barikama													43726	wt
27783419512	tenue vestimentaire	jl 8		sawura				Fani									43726	duplicate wt
27783419514	faiblesse (défaut)			finyɛ													43726	wt
27783419515	fête populaire			foroba fɛtilon													43726	wt
27783419516	discours public / réunion publique	jl 7		forobakalan													43726	wt
27783419517	manuel d'étude			gafe kalanta													43726	wt
27783419518	présentation simple			gafe yiracogo nɔgɔman													43726	wt
27783419519	écritures grecques chrétiennes			gɛrɛkikan sɛbɛninw													43726	wt
27783419520	esprit fixé sur le royaume			hakili be sigi masaya koow kan													43726	wt
27783419521	famine spirituelle			hakilimaya kongo													43726	wt
27783419522	pensée essentielle / point principal	yq		hakilinata jonjon				hakilinata kunbaba									43726	wt
27783419523	fruit de l'esprit			halkili senu deen													43726	wt
27783419524	écritures hébraïques			heburukan sɛbɛninw													43726	wt
27783419526	fixe toi un objectif personnel			i k'i togola lanyinita latigɛ													43726	wt
27783419527	restons proches de l'organisation de jéhovah			i ka to jehova ka jɛnkulu kɔrɔ													43726	wt
27783419528	assistance / foule	jl 19		jama													43726	wt
27783419529	situation des comptes			jateminɛw dantigɛli													43726	wt
27783419530	créations de jéhovah			jehova ka fɛɛn danenw													43726	wt
27783419531	brûler / consumer	yq		jeni				Jɛni									43726	wt
27783419532	mauvaise compagnie			jɛnɲɔgɔn jugu													43726	wt
27783419533	idôle			joo				Boli			Batofɛn						43726	wt
27783419534	pire ennemi			juguba													43726	wt
27783419536	laisser la parole de dieu les pousser à l'action	yq		k'a to ala ka kuma ka u lasun													43726	wt
27783419537	faire usage de sa raison			k'a yɛrɛ hakili jagabo													43726	wt
27783419538	compter sur jéhovah			k'an bolo la jehova kan													43726	wt
27783419539	fixer notre esprit sur des pensées constructives			k'an nyɛɛ jolen to koo nafamanw kan													43726	wt
27783419540	plein d'égards			k'i janto mɔgɔ la													43726	wt
27783419541	se vouer	jl 11		yɛrɛkun di													43726	wt
27783419542	nous observons leur environnement			k'u laminikow kɔrɔsi													43726	wt
27783419543	remercier dieu			ka barika la ala ye				Ka Ala fo									43726	wt
27783419544	reporter le baptême à plus tard			ka batɛmi bila wagati wɛrɛ kan				Ka batɛmi segi kɔ			Ka batɛmi bila ka suma						43726	wt
27783419545	prendre l'initiative			ka bɔ i yɛrɛ la													43726	wt
27783419546	productif			ka den koɲuman													43726	wt
27783419547	partager avec d'autres			ka do bo aw bolo fɛnw la ka o di													43726	wt
27783419548	inculquer à vos enfants			ka don aw deenw kuun na													43726	wt
27783419549	s'exposer à un danger			ka farati bila a sen kɔrɔ													43726	wt
27783419550	raisonner habilement à partir des écritures	yq		ka hakilijagabɔ koɲuman bibulusenw kan													43726	wt
27783419551	s'intéresser sincèrement à autrui			ka janto ɲɔgɔn na sɔbɛ la													43726	wt
27783419552	connaître jéhovah et le servir	yq		ka jehova lon ani ka baara kɛ a ye													43726	wt
27783419553	louer jéhovah publiquement			ka jehova tando bɛɛ nyɛ na													43726	wt
27783419554	resserrer ses liens avec jéhovah			ka jɛnɲɔgɔya teriman yiriwa ile ni ala cɛ													43726	wt
27783419555	lecture publique			ka kalan gwɛ kɛ jama ɲɛ na													43726	wt
27783419556	parler au naturel			ka kalan kɛ u yɛrɛ kuma cogo la													43726	marked wt
27783419557	savoir lire et écrire			ka kalan ni sɛbɛri lon													43726	wt
27783419558	être irréprochable et innocent			ka kɛ jalakibali jɛlenw ye													43726	wt
27783419559	regarder le côté positif de la situation			ka koow jate ni nyɛɛ nyuman ye													43726	wt
27783419560	parler de façon positive			ka kuma ɲuman fɔ													43726	wt
27783419561	répondre à une objection			ka kuma tigɛbaga ka sɔsɔli jaabi													43726	wt
27783419562	se prosterner			ka kunbiri gwan dɔ kɔrɔ													43726	wt
27783419563	prendre des dispositions précises			ka labɛn kɛ ka gwɛ													43726	wt
27783419564	prendre rendez-vous			ka labɛn kɛ ka segi ka na													43726	wt
27783419565	prendre la meilleure décision			ka latigɛli fisaman kɛ													43726	wt
27783419567	accueillir les visiteurs			ka lonanw bisimila													43726	wt
27783419568	fixer un jour			ka loon kelen latigɛ													43726	wt
27783419569	nettoyer et entretenir la salle du royaume	yq		ka masaya boon saniya ani k'a ladon													43726	wt
27783419570	penser que les morts sont conscients			ka miiri ko mɔgɔ salenw be koow kala ma													43726	wt
27783419571	réfléchir sérieusement à tout ce qu'il contient			ka miiri kosɔbɛ a kɔnnakow bɛɛ kan													43726	wt
27783419572	inciter d'autres personnes			ka mɔgɔ wɛrɛw lasun													43726	wt
27783419574	se repentir			ka nimisa													43726	wt
27783419575	glorifier dieu			ka nɔɔrɔ la ala kan													43726	wt
27783419576	pousser des cris de joie			ka nyagalikan bo													43726	wt
27783419577	fixer notre attention			ka ɲɛɛ jɔ													43726	wt
27783419578	chérir la vie			ka ɲɛnamaya jati fɛnba ye													43726	wt
27783419580	simplifier sa vie			ka ɲɛnamaya kɛ nɔgɔman na				An k'an ɲɛnamaya kɛ nɔgɔman na									43726	wt
27783419581	oublier jéhovah			ka ɲinɛ jehova kɔ													43726	wt
27783419582	être réintégré			ka segi ka na													43726	wt
27783419583	mettre en valeur			ka sin k'a yira													43726	wt
27783419584	accentuation des mots clés			ka sinsin yɔrɔ jɔnjɔnw kan													43726	wt
27783419585	mettre en évidence			ka sinsin… kan				Yira ka gwɛ									43726	wt
27783419587	défendre la vérité			ka tinyɛnko lafasa													43726	wt
27783419588	prendre position pour jéhovah			ka tugu jehova kɔ													43726	wt
27783419589	résumer brièvement les textes longs			ka vɛrise janw kofo ka surunya													43726	wt
27783419590	montrer sa reconnaissance			ka walenyumanlon yira													43726	wt
27783419591	paganisme / païenne	jl		kafiriya													43726	wt
27783419592	formulaire			kafolisɛbɛ													43726	wt
27783419594	leçon importante			kalan nafaman													43726	wt
27783419595	exposé constructif			kalan ɲuman													43726	wt
27783419596	disciple			kalanden													43726	wt
27783419597	fidélité indéfectible			kantigiya lamagabali													43726	wt
27783419598	les armées mirent le siège sur jérusalem			kɛlɛbolow ye daga sigi jerusalem daa la													43726	wt
27783419599	juger			kiri tigɛ ... kan													43726	wt
27783419600	juger avec justice			kiri tigɛ cogo tilennin na													43726	wt
27783419601	jugement (lieu du)			kiritigɛyɔrɔ													43726	wt
27783419602	croyance	yq		lannako													43726	wt
27783419604	activités saines			koow kɛcogo saniman													43726	wt
27783419605	malgré l'opposition			koroboli bɛɛ n'a ta													43726	wt
27783419606	mer rouge			kɔgɔji wulen													43726	wt
27783419607	observateur			kɔlɔsili kɛbaga													43726	wt
27783419608	directeur de festin			kɔɲɔko kuntigi													43726	wt
27783419609	intronisation du christ	yq		krista sigini masa sigilan kan													43726	wt
27783419610	fluidité de l'expression			kuma ka nɔgɔya a daa													43726	wt
27783419611	modulation			kumakan yɛlɛma-yɛlɛma													43726	wt
27783419612	lépreux			kunatɔ													43726	
27783419613	idée annexe			kunnafoni do													43726	wt
27783419614	génération			kuru				Filankuru			Wagatikelenmɔgɔw						43726	
27783419615	sens (à la vie)			kuun													43726	wt
27783419616	conducteur à la tour de garde			la tour de garde kalan ɲɛminɛbaga													43726	wt
27783419617	conseiller adjoint (emt)			ladili dibaga filanan				Ladili dibaga kankɔrɔsigi									43726	wt
27783419618	blâme			lagosili													43726	wt
27783419619	ferme / inébranlable			lamagabali													43726	wt
27783419620	auditeur			lamɛnnikɛla													43726	wt
27783419621	contexte			laminiko													43726	wt
27783419622	mariage coutumier			landa furu													43726	wt
27783419623	objectif			lanyinita				Laɲinita									43726	wt
27783419624	priorité			laɲinita fɔlɔ													43726	wt
27783419625	progresser (faire)			lataga ɲɛ													43726	wt
27783419626	manque de foi			limaniyabaliya													43726	wt
27783419627	lecture hebdomadaire de la bible			logokun kono ka bibulu kalangwɛ													43726	wt
27783419628	pendant un jour entier			loon kelen kuru bɛɛ													43726	wt
27783419629	centre d'intérêt			makow													43726	wt
27783419631	bonne nouvelle du royaume			masaya kibaro duman													43726	wt
27783419633	idées indéniables			miiriyaw, mɔgɔ te se k'u soso													43726	wt
27783419634	enduire			mɔ													43726	wt
27783419635	modèle			mɔdɛli													43726	wt
27783419636	offenser			mɔgɔ gasi tiɲɛn				Baga mɔgɔ ma									43726	wt
27783419637	personnes sans instruction			mɔgɔ gwansan kalanbaliw													43726	wt
27783419638	il dédaigna la comapgnie des méchants	yq		mɔgɔ juguw ka jɛnɲɔgɔnya tun ka gwo a ye													43726	wt
27783419639	personne cultivée			mɔgɔ kalannen													43726	wt
27783419640	personne inexpérimentée			mɔgɔ ko lɔnbali													43726	wt
27783419641	personne d'une origine différente			mɔgɔ min bɔyɔrɔ tɛ kelen ye													43726	wt
27783419642	protecteur			mɔgɔ tangabaga													43726	wt
27783419643	oints (chrétiens)			mɔnlenw													43726	wt
27783419644	supporter / endurer	bk		muɲuli kɛ	v	A ka muɲuli kɛ											43726	v vt wt
27783419645	quand c'est approprié			n'a bɛnnen be													43726	wt
27783419646	quand vous reviendrez			n'an segira ka na													43726	wt
27783419647	quand tu seras grand			n'i kɔrɔbayara													43726	wt
27783419648	matérialiste			nafolo kanuya b'a la													43726	wt
27783419649	trésor inestimable			nafolo nafamanba													43726	wt
27783419651	je ne m'intéresse pas aux témoins de jéhovah	yq		ne mako tɛ jehova seerew la													43726	wt
27783419652	privilège			nɛɛma													43726	wt
27783419653	faux dieux	jl 2		ngalon alaw													43726	wt
27783419654	fausse religion			ngalon diinan													43726	wt
27783419655	si les circonstances le permettent			ni koow cogoya bɛnnen be													43726	wt
27783419656	presque tout le monde apprécie			ni mɔgɔ kelen-kelen tɛ , a ka di bɛɛ ye ka													43726	wt
27783419657	si un autre est disponible			ni mɔgɔ wɛrɛ labilanen lo													43726	wt
27783419658	au bord du nil			nili bada la													43726	wt
27783419659	parabole			ntalen													43726	wt
27783419660	donner un proverbe			ntalen la													43726	wt
27783419661	exemple remarquable			nyɛyirali cɛnyumanba													43726	wt
27783419662	fixer du regard			ɲɛɛ jɔlen to													43726	wt
27783419663	progrès sensibles (notables)			ɲɛtaga bɛrɛ kɛ													43726	wt
27783419664	progresser			taga ɲa		<div><div>Ka taga ɲɛ Alako ta fan fɛ</div></div>		ɲɛtaga kɛ&nbsp;&nbsp;									43726	wt
27783419665	volonté			ŋaniya													43726	wt
27783419666	murmurer			ŋunuŋunu				Dajukɔrɔ kuma fɔ									43726	wt
27783419667	murmure			ŋunuŋunukan													43726	wt
27783419668	jamais vu chose semblable			o koɲɔgɔn tun ma deli ka ye abada													43726	wt
27783419669	elles ne sont pas autorisées à l'assemblée			o ma daga lajɛnba yɔrɔ la													43726	wt
27783419670	programme			porogramu													43726	wt
27783419671	possibilité unique			sababuba													43726	wt
27783419672	nuée			sankaba													43726	wt
27783419673	père céleste plein d'amour			sankolola faa kanutigi													43726	wt
27783419674	payer / récompenser	kodi		sara													43726	wt
27783419675	principe élevé			sariyakolo kɔrɔtalen													43726	wt
27783419677	saint / sain / pur	jl 4		senuman				Senu									43726	wt
27783419680	vérification			sɛgɛsɛgɛri													43726	wt
27783419681	réservation des sièges			sigiyɔrɔ marali													43726	wt
27783419682	sur les trottoirs			siradaw la													43726	wt
27783419683	maintenant que tu as grandi			sisan, komi i kɔrɔbayara													43726	wt
27783419684	accepter revue			sɔn zurunali la				fɛn la									43726	wt
27783419685	objection / dispute			sɔsɔli				Kuma tigbaga									43726	wt
27783419686	approcher s' (temps)			surunyalen													43726	wt
27783419687	métaphore			tagamasinyɛ													43726	wt
27783419688	prendre plaisir			timinandiya													43726	wt
27783419689	surélévation / estrade			tintin													43726	wt
27783419690	le seul vrai dieu	yq		tiɲɛn ala kelenpe													43726	wt
27783419691	en avoir conscience ou non			u b'a kala ma wo, u t'a kala ma wo													43726	wt
27783419692	ils pensent qu'ils ne sont pas qualifiés pour			u b'a miiri ko see t'u ye ka													43726	wt
27783419694	les attaquer par surprise			u taga cun u kan													43726	wt
27783419695	nouvelle visite			viziti kura													43726	wt
27783419696	il est indispensable			waajibi lo													43726	wt
27783419697	autre nécessité			waajibiko wɛrɛ													43726	wt
27783419698	graphique chronologique			wagati jateminɛcogo jaa													43726	wt
27783419699	fait marquant			waleba													43726	wt
27783419700	afin de se rétablir spirituellement			walisa a ka segi ka fanga sɔrɔ alako ta fan fɛ													43726	wt
27783419701	pour ajouter du poids à nos paroles			walisa ka sinsin an ka kumaw kan													43726	wt
27783419702	feuille d'invitation			weelesɛbɛ													43726	wt
27783419703	proclamer			weleweleda													43726	wt
27783419704	proclamateur expérimenté			weleweledala kolɔnbaga													43726	wt
27783419705	vous êtes-vous jamais demandé			yala i delila k'i yɛrɛ ɲiniga ni…													43726	wt
27783419706	êtes-vous prêts à faire votre choix ?			yala i labɛnnen be k'o latigɛ wa ?													43726	wt
27783419709	présence de jésus			yɛsu be yan wagati													43726	wt
27783419710	méthode souple			yiracogo magaman				Yiracogo nogoman									43726	wt
27783419711	statue en bois			yirimɔgɔnin													43726	wt
27783419712	accroissement			yiriwali													43726	wt
27783419713	district du jourdain			zurudɛn mara													43726	wt
27783419714	revu intéressant			zurunali, a kalan ka di													43726	wt
3218598874	créer	bk		dan													43726	wt
3221065537	souveraineté de dieu	bk		ala ka masabaya													43726	wt
3653464641	boîte à offrande	jl 25		nili buwati													43726	wt
3656197437	maitrise de soi	bk		yɛrɛminɛli													43726	wt
3656657915	communications	jl 27		kunnafoni													43726	wt
3656948736	de maison en maison	jl 12		soo ni soo													43726	wt
3830892769	tour de garde	bk		kɔrɔsili sangaso													43726	wt
40322554868	leçon	mwb		kalensen													43726	
403520813	introduction	bk		dadon kumaw													43726	wt
43139702982	tout puissant	wt		sebagayabɛɛtigi													43726	wt
443aabc6-83da-4c95-b9fd-5641951f3fbf	SYNCDATE			anki	20200204125536		sheets	sheets	20200204125347	20200203231131								
4894740815	messie	bk		masiya													43726	wt
4894757744	royaume	bk		masaya													43726	wt
4896872164	interlocuteur	bk		lamɛnbaga				Lamɛnnikɛla									43726	wt
64850686024	ministres a plein temps	rc		kudayi cidenya baarakɛlaw													43726	wt
70892740875	mobiles	wt	(n.)	ŋainyaw														wt
78758660775	écrivain	wt		sɛbɛbaga														
79720169070	défi / assignation			kunkanbaaraba		Kunkanbaaraba dɔ tun kalifara ma Nuhun ma.												
79721166956	culte familiale			gwa kɔnɔ batoli	JL								Denbaya ka kalan	BM				
79862924702	échangeurs de l'argent			warijula														
79863124455	parfois			wagati dɔ la				Tuma dɔ la										
80240982563	vivant		adj	ɲana														
80241163751	vie			ɲanamanya				ɲɛnamaya										
80242017725	groupe / montagne		(n.)	kulu														
80242334155	paroles de conclusion			kuncɛli kumaw														
