-10943763535	prendre soin / faire attention			janto		I janto kɔnɔn nin na											43725	v
-1159348157	la semaine passée	bk		lɔgokun tɛmɛni													43725	calendrier
-1161642427	justice  / honnêteté	bk		tileninya													43725	
-1161731729	juste	yq		tilenin				tilennen									43725	marked
-1161905542	igname braisé	bk		ku jeni													43725	nourriture
-1171839580	orgeuil	yq		kuncɛbaya													43725	
-12126191650	s'apprêter / préparer	bk		labɛn													43725	v
-12494899734	inquiéter	bk		jɔɔrɔ													43725	v
-15176919454	amour	yq		kanuya													43725	essentiel
-15266935615	entrer	bk		do				don									43725	v
-15266981711	donner / (livrer / fournir)	bk		di ... ma													43725	v
-15267201502	profit / bénéfice / important			nafa		N ka nafa / tɔnɔn sɔrɔ / Nafa ka bon		tɔnɔn									43725	marked
-15267243828	blanc	yq		gɛ				gwɛman			Jɛ						43725	couleur
-15267346936	le prix n'est pas cher	bk		a sɔngɔ ma ca													43725	phrase
-15267602340	combien d'argent sur toi	bk		joli bɛ i kuŋ / bolo													43725	phrase
-15267635599	il faut dire	bk		a fɔ ko													43725	phrase
-15267674977	on peut vous satisfaire	bk		o ka nɔgɔ													43725	phrase
-15868363272	fidélité / intégrité	bk		kantigiya													43725	
-15924466213	porte / bouche	bk		da		I da tugu !		koon									43725	corp essentiel
-15925488548	vent	bk		fɔɲɔ													43725	essentiel
-15925527333	tais-toi !	bk		i da tugu !				i da je !									43725	marked phrase
-16300439867	oiseau	yq		kɔnɔnin				kɔnɔn									43725	animal
-16300500095	souris	bk		ɲinan													43725	animal
-16300620645	n'importe quoi	bk		fɛɛn bɛɛ													43725	essentiel
-16300653533	feuille	bk		flaburu													43725	
-16300696439	herbe	yq		biŋ				bin									43725	animal
-16392853323	étudier profondément	bk		karan ko sɛgɛsɛgɛ													43725	marked v
-16527240875	sorte	yq		sifa				sugu									43725	marked
-16607061439	j'ai besoin de toi	bk		n'mako b' i la													43725	phrase
-16607231724	prendre / choisir	bk	(v.)	ta		A ka min ta. N ta lo.											43725	v
-16607344084	c'est facile	bk		a ka nɔgɔ													43725	phrase
-16607389665	préocupation / soucis	bk		haminako													43725	
-16607429763	à mon avis	bk		ne ya hakili la													43725	phrase
-16729615293	découragement	yq		fari faga		I ka n jigitigɛ		dusu tiɲɛ			Jigitigɛ						43725	marked
-16729689175	vieux	bk		kɔrɔ													43725	essentiel
-16729707913	ceux la	bk		nunugu / nunu													43725	essentiel
-16979630904	viens ici!	bk		na yan!													43725	phrase
-16979685475	demande lui	bk		a ɲini ka													43725	phrase
-17134557414	ville / région	bk		dugu													43725	essentiel
-17233297689	pauvre			fangan tan / fangan t'a la	"<img src=""_CIV.png"">"	Cɛ nin fangan tan lo.		faniɲa / fantan	"<img src=""_BFA.png"">"								43725	gens marked
-17233337994	homme riche	bk		nafolotigi				wari tigi									43725	gens
-17233546115	changer	bk		yɛlɛma													43725	v
-17233891349	que dieu fasse que les enfants grandissent	bk		ala ye denmisɛnw balo													43725	phrase
-17234019882	que dieu diminue les soucis	bk		ala ye haminan koo nɔgɔya													43725	phrase
-17234126057	longue vie et santé	bk		si ni kɛnɛya													43725	phrase
-17234185036	épreuve / crise / difficulté / tentation	bk		gwɛlɛya													43725	marked
-17234242456	richesse	yq		nanfolo				nafolo									43725	
-17508233029	pas de maladie est l'ami de l'homme.	bk		banan tɛ mɔgɔ teri ye.													43725	phrase
-17508246419	arrêter / construire	bk		lɔ													43725	v
-17508277250	nombreux	yq		cayala				(ka) ca									43725	
-17508334753	en tout cas!	bk		akɔnii!													43725	phrase
-17508347819	encore	yq		tuguni				tugu									43725	essentiel
-17508390259	chef	bk		ŋamɔgɔ													43725	gens
-17509100479	maladie	yq		bana													43725	santé
-17509221102	à bouaké on doit parler jula.	bk		bouake kɔnɔ an ka kan ka julakan fɔ.													43725	phrase
-17509277263	je dois...	bk		n ka kan ka...													43725	phrase
-17509316697	je peux...	bk		n be se ka...													43725	phrase question
-17509603056	qu'est-ce que tu as dit?	bk		i ka mu fɔ?				i ka mu lo fɔ?									43725	phrase question
-17509681716	as-tu dit quelque chose?	bk		i ka dɔ fɔ wa?													43725	phrase
-17509773102	deuxième nouvelle (un peu en dessous)	bk		dɔɔni be a kɔrɔ													43725	phrase
-17944876358	déscendre	dico	(v.)	jigi		N be jigi yan											43725	vi
-17945360773	page	yq		sɛbɛ ɲɛɛ													43725	
-18161797927	champ de riz	bk		malo foro													43725	
-18161840020	marché africain	bk		farafin lɔgɔ													43725	
-18161892064	haricot	yq		sɔsɔ													43725	nourriture
-18161991914	que dieu ait pitié de lui!	bk		ala ye hine a la													43725	phrase
-18162015864	chef du village	bk		dugutigi													43725	essentiel gens
-18162051855	chef d'état	bk		jamana kuntigi													43725	
-18162100858	nouvelles	bk		kibaro													43725	
-18162364837	accompagner	yq	(v.)	blasira		N b'i blasira i ta so ni n ya mobili ye		bilasira…la									43725	v
-18162548526	ils ont le palu	bk		sumaya be yen o la													43725	phrase
-18162625383	frère	bk		balimancɛ													43725	essentiel gens
-18162663818	monnaie			wari misɛn													43725	essentiel
-18434267659	fièvre	yq		farigwan				farigan									43725	santé
-18434296505	mal de tête	bk		kun dimi		N kun Kolo be dimi.											43725	corp
-18434366707	paludisme	bk		sumaya dimi													43725	santé
-18512229590	ensemble	kodi		ɲɔngɔn fɛ		An be ɲɔgɔn fɛ											43725	essentiel
-18512251732	prochain / à venir	yq		nata													43725	essentiel
-18512314835	étudiant	yq		lakoliden				kalanden									43725	gens
-18766567636	perdre	bk		tunu													43725	leech v
-18766759486	partout	yq		yɔrɔ bɛɛ													43725	essentiel
-18766798266	chercher	yq		ŋini													43725	v
-18767289424	cahier / papier	bk		sɛbɛ													43725	essentiel
-19139389977	lait caillé	bk		nɔnɔ kumu													43725	nourriture
-19139440581	gingembre	bk		ɲamaku													43725	nourriture
-19139454040	fruit	bk		yiriden													43725	
-19139521467	arbre / bois	yq		yiri													43725	
-19139544883	vélo	yq		nɛgɛso													43725	
-19139632939	fer		(n.)	nɛgɛ													43725	essentiel
-19139757608	endroit	kodi		yɔrɔ													43725	essentiel
-19139873076	coq	yq		dɔndɔn													43725	animal
-19139899404	commerçant	bk		jagokɛla				ferekɛla			Feerelikɛla						43725	gens
-19139923953	cochon	bk		kɔkɔti													43725	animal bouake
-19139969925	citron	bk		lenburu kumu													43725	nourriture
-19140002611	chiot	bk		wuluden													43725	animal
-19140085269	chemin	bk		sira													43725	essentiel
-19140257313	assiette	bk		tasa													43725	essentiel
-19140267857	arachide	yq		tiga				tigɛn									43725	nourriture
-19338911167	cest le prix	bk		a sɔngɔ lo													43725	phrase
-19338985231	le prix est cher	bk		a sɔngɔ ka ca													43725	phrase
-19339865406	combien côute les oignons	bk		jaba ye joli													43725	phrase
-19339921610	aubergine	bk		gɔyɔ													43725	nourriture
-19754582047	bonne soirée	bk		ala ya wula nɔgɔya	"<img src=""_CIV.png"">"			ala ka wula nɔgɔya	"<img src=""_MLI.png"">"								43725	MLI phrase
-20534178906	abattoir	bk		misifaga yɔrɔ													43725	
-25299906327	bonne journée	bk		ala ye bi nɔgɔya				ala bi diya									43725	phrase
-25714836626	petit enfant	yq		denmisɛn				denmisɛnin									43725	essentiel
-25714963738	machette	bk		bese													43725	essentiel
-25714986524	couteau	yq		muru													43725	essentiel
-25715028728	canari	kodi		daga													43725	essentiel
-25715063327	non	bk		ɔn ɔn				ayi									43725	essentiel question
-25715138543	oui	yq		ɔnhɔn													43725	essentiel question
-25715160808	quoi	bk		mun													43725	question
-25715223912	est-ce que...	bk		...wa													43725	essentiel question
-25715308632	c'est	kodi		lo	"<img src=""_CIV.png""><br>"			don	"<img src=""_MLI.png"">"								43725	MLI essentiel
-26807921802	pardonner			yafa	Yafa... ma												43725	v
-26935477634	affaire bon	bk		koɲuman													43725	
-26935497994	affaire mauvais	bk		kojugu													43725	
-26935523175	affaire	bk		koo													43725	essentiel
-27001294005	bonne route (arrivé / retour)	bk		ala y'a ɲuma nan													43725	phrase
-27001359839	bonne route (arriver)	bk		ala y'a ɲuma se													43725	marked phrase
-27012867677	je veut te montrer quelque chose	bk		n' be fɛ  ka fɛn dɔ yira i la													43725	phrase
-27410066336	bonne nuit	bk		ala an bɔ su la													43725	marked phrase
-27414022752	discussion	bk		baro (n.)													43725	essentiel
-27502629559	louer	bk		tando													43725	v
-27502669907	toujours	yq		tuma bɛɛ													43725	
-31737613286	sur	kodi		kan													43725	essentiel
-31737677739	à côté de	yq		gɛrɛfɛ													43725	
-31737738050	la-bas	bk		yan fɛ ye													43725	marked
-31737763795	au dessus / sur	bk		kun na													43725	
-3222246334	de temps en temps	bk		tuma dɔw													43725	marked
-3421980794	à cause de cela...	bk		o lo kama...													43725	phrase
-34269420531	endurer / persévérer	bk		sɔmina													43725	leech v
-3582266273	promesse	yq		layiri				layidu			Dajuru						43725	marked
-3743863285	humilier	bk		maroya		Est-ce un nom ou verbe?											43725	bouake marked v
-3743945078	homme orgeuilleux			kuncɛba													43725	
-3849934239	musa n'est pas allé à korhogo	bk		musa ma ta korhogo													43725	phrase
-3849952656	petite soeur	bk		dɔgɔmuso													43725	essentiel gens
-3849977637	petit frère	bk		dɔgɔcɛ	"<img src=""_CIV.png""><br>"	a dɔgɔcɛ tericɛ ye lakɔliden ye											43725	essentiel gens
-3849997403	grande soeur	yq		kɔrɔ muso													43725	gens
-3850035477	grand frère	yq		kɔrɔ cɛ													43725	gens
-3852135199	arriver	bk		se													43725	v vi
-3852205822	ce jour-la	bk		o loon													43725	calendrier
-4003352986	continue / vas-y	bk		a kɛ dɔrɔn				taga a fɛ			Taga a man						43725	bouake
-4005544967	devoir	bk		ka kan ka													43725	essentiel
-40318372109	alors / puis / maintenant / donc	bk		ayiwa...													43725	essentiel
-40927183476	cendre	yq		buguri				buguri(gwɛ)									43725	
-40927312869	aujourd'hui	yq		bi													43725	calendrier
-4122869514	esclavage	bk		jɔnya													43725	
-4123020142	punir			ɲangi	"<img src=""_BFA.png"">"												43726	unbouake v wt
-4123054025	humble	yq		majiginin				majigilen									43725	marked
-43834129304	à cause de  / en raison de / gâce à	bk		kosɔn		Amidu cogo ma ɲi, o kosɔn teri tɛ a fɛ.		sababu fɛ									43725	marked
-44178557456	passer / dépasser	bk		tɛmɛ													43725	v
-4431224777	même	kodi		yɛrɛ													43725	essentiel
-44437459979	s'assoir	bk		sigi													43725	v
-44437573903	étranger	bk		lonacɛ				lonan	"<img src=""_CIV.png"">&nbsp;&nbsp;<br>"		Dunan	"<img src=""_MLI.png""><br>"					43725	MLI gens
-44437908548	sortir	bk		bɔ													43725	v
-44439246043	gater	bk		can													43725	marked v vt
-44639764826	conscience	bk		dusukun													43725	
-44647220195	réponse	bk		jabili													43725	essentiel question
-44647367870	questionner	yq		ɲiniga	CDI	Mɔgɔ ɲinigan fɛn na / Fɛn ɲini mɔgɔ fɛ		ɲiningan									43725	v
-45246239492	montrer	yq		yira		Yira mɔgɔ la											43725	v
-4633547634	oncle			bɛmacɛ													43725	marked v
-4633571900	peut-être	yq		n'a sɔrɔ													43725	essentiel marked
-47881654071	ils / eux	bk		o / olugu / olu	"<img src=""_CIV.png"">"			u / ula	"<img src=""_BFA.png"">"		U / Olu	"<img src=""_MLI.png"">"					43725	MLI essentiel pp
-47881692877	vous	bk		aw / alugu	"<img src=""_CIV.png"">"			a / aw	"<img src=""_BFA.png"">"		A / Aw	"<img src=""_MLI.png"">"					43725	MLI essentiel pp
-47881764516	nous	bk		an / anugu / anu	"<img src=""_CIV.png"">"			an / anw	"<img src=""_BFA.png"">"		An / Anw	"<img src=""_MLI.png"">"					43725	MLI essentiel pp
-47881810910	il elle lui	bk		a / ale	"<img src=""_CIV.png"">"			a / ale	"<img src=""_BFA.png"">"		A / Ale	"<img src=""_MLI.png"">"					43725	MLI essentiel pp
-47881877351	tu / toi	bk		i / ile	"<img src=""_CIV.png"">"			e / ele	"<img src=""_BFA.png"">"		I / E	"<img src=""_MLI.png"">"					43725	MLI essentiel pp
-47881986758	je moi	bk		n / ne	"<img src=""_CIV.png"">"			n / ne	"<img src=""_BFA.png"">"		N / Ne	"<img src=""_MLI.png"">"					43725	MLI essentiel pp
-48185682132	bientôt	yq		yanni dɔnni	bke												43725	
-48185883125	effort	bk		jijali	(n.)												43725	
-48185883126	fatiguer	bk	(v.)	sɛgɛ													43725	v vi
-48185883127	encourager		(v.)	jija													43725	marked v
-48185883128	prix	yq	(n.)	sɔngɔ	diff?	Bara ka den sara ka caya		sara			Sɔngɔn						43725	essentiel marked
-48185883129	amitié	bk		teriya													43725	
-48185883132	afin que / pour que	yq		walasa				janko			Walisa ka…						43725	marked
-48185883133	accepter	yq		son													43725	vt
-48185883134	abeille	yq		liden													43725	animal
-48185883135	réviser	bk		segi a kan													43725	essentiel
-48185883137	bon appétit	bk		ala y'a suma i kɔnɔ													43725	phrase
-48185883138	avant hier	bk		kuna sini													43725	calendrier
-48185883139	après demain	bk		sini kɛnɛ													43725	calendrier
-48185883140	obtenir / trouver / gagner	bk		sɔrɔ													43725	v
-48186082422	qui	bk		jɔn				jɔnni									43725	question
-49188586989	vouloir (avoir)	bk	(v.)	fɛ													43725	v
-49188671553	fidèle	bk		kantigiman				kantigi									43725	
-49188696477	famille	yq		denbaya													43725	gens
-5043793285	en faisant / ce faisant	bk		kɛtɔ													43725	essentiel
-51724231588	oignon	yq		jaba													43725	nourriture
-51724268609	jouer au ballon	yq		balɔntan													43725	vi
-51725530041	montre	bk		mɔntɔrɔ													43725	
-51741127489	parler	bk	(v.)	kuma													43725	v
-52064706662	s.v.p.	bk		hakɛ to													43725	essentiel
-52135832225	jeter	yq		firi				fili									43725	v vt
-52136264022	ordures	bk		ɲaman													43725	essentiel
-52136464178	dire	yq		fɔ													43725	v vt
-52136790920	réparer	yq		lalaga	"<img src=""_CIV.png"">"												43725	essentiel v
-52136836214	poisson	yq		jɛgɛ	"<img src=""_CIV.png"">"	Jɛgɛ ma di ni sogo ye wa?		jigɛ	"<img src=""_BFA.png"">"								43725	animal nourriture
-52136922846	frire	bk		yiran													43725	v
-52139218999	tirer	yq		saman													43725	v vt
-52139281000	maïs	yq		kaba													43725	nourriture
-52139354827	saluer	yq		fo													43725	v vt
-52656018470	lavage	bk		koli													43725	
-52656018471	laver	yq	(v.)	ko		A kola kunu											43725	marked v
-52656018472	couture	bk		karanni													43725	
-52656018473	coudre	yq	(v.)	karan				kala									43725	v vt
-52656018474	répondre	yq		jaabi				jaabili kɛ									43725	v
-52656018475	petit garçon	bk		cɛdennin													43725	gens leech
-52670046300	beaucoup / nombreaux / abondance	kodi		caman				ca			Caya						43725	essentiel
-52670184464	c'est qui	bk		jɔn lo													43725	question
-52670184465	vie	yq		niin				ɲɛnamaya									43725	
-52670184466	pagne	yq		fani				tagafe									43725	marked
-52670184467	dans	yq	(prep.)	kɔnɔ		Bouaké kɔnɔ											43725	essentiel
-52670184469	vérité	yq		tiɲɛ		Tiɲɛ lo! / Tiɲɛ b'i fɛ											43725	essentiel
-53015204863	piment	bk		foronto													43725	nourriture
-53015256195	patate grillé	bk		woso yirani													43725	nourriture
-53015409422	igname bouillie	bk		ku beleke													43725	nourriture
-53015497479	pamplemouse	bk		lenburuba													43725	nourriture
-53015534347	carotte	bk		karoti													43725	nourriture
-53015567472	papaye	bk		papaye													43725	nourriture
-53015596267	viande de mouton	bk		sagasogo													43725	nourriture
-53015645222	viande de boeuf	bk		misisogo													43725	nourriture
-53015680904	patate	bk		woso													43725	nourriture
-53015739901	pâte d'arachide	bk		tiga dɛgɛ													43725	nourriture
-53015823452	mangue	bk		mangoro													43725	nourriture
-53015967622	combien coute  cet avocat?	bk		avocati nin ye joli joli?													43725	phrase question
-53016087839	faut  diminuer (enlever)	bk		dɔ bɔ a la													43725	phrase
-53016196473	c'est trop  cher	bk		a sɔngɔ ka gwɛlɛ				a sɔngɔ ka ca									43725	phrase
-53182470323	pardon	yq		sabari				hake to									43725	essentiel
-53241136646	chanson	bk		dɔnkili													43725	
-53241176888	semer	bk		sɛnɛ													43725	v
-53241205095	cuisine			gwa				gwabugu			Tobili						43725	essentiel
-53241239980	préparer	bk		tobi													43725	v
-53257444419	vendre	yq		feere													43725	v vt
-53257498070	boire	kodi	(v.)	min				mini kɛ									43725	v
-53277754058	se promener	bk	(v.)	yala		N yarala Burkina kɔnɔ		yala yala			munumunu						43725	marked vi
-53277784628	tête	yq		kun				kunkolo									43725	corp
-53277835100	igname	yq		ku													43725	nourriture
-53277853604	rat	bk		toto													43725	animal
-53545395742	sauter	yq	(v.)	pan				panpan									43725	v
-53545395743	danser	yq	(v.)	dɔn				dɔɔn kɛ									43725	v
-53545395744	vomir	yq		fɔɔnɔ		A fɔɔnɔna											43725	santé vi
-53545395747	mil	yq		ɲɔ				ɲɔɔ									43725	nourriture
-53545395748	lait	yq		nɔnɔ													43725	nourriture
-53545395749	riz	yq		malo	"<img src=""_CIV.png"">"			kini	"<img src=""_MLI.png"">"								43725	MLI essentiel
-53545395750	étoile	yq		lolo													43725	essentiel
-53545395751	penser	yq		miiri				bisigi									43725	marked vi
-53545395752	vache&nbsp;			misi muso				misi									43725	animal marked
-53545395753	entente	bk		bɛn													43725	
-53805499233	français	yq		faransika				faransikan									43725	essentiel
-53805657835	oncle paternel	bk		benicɛ													43725	gens
-53806166054	c'est mardi aujourd'hui	bk		bi ye tarata ye													43725	calendrier phrase
-53806211031	élève	yq		lakɔliden													43725	gens
-53806530587	tante	yq		tenɛmuso													43725	gens
-53806567719	chauffeur	bk		sofɛricɛ													43725	gens
-53807248070	pays	yq		jamana													43725	
-53807309109	soir	yq		wula													43725	calendrier essentiel
-53807343565	matin	bk		sɔgɔma													43725	calendrier essentiel
-53807402499	autre			wɛrɛ		Saan wɛrɛ											43725	essentiel
-53872831278	professeur	bk		lakɔlifa													43725	essentiel
-53873102985	demain	yq		sini													43725	calendrier
-53873236373	après / derrière	kodi		kɔ fɛ													43725	essentiel
-53873263150	année	bk		saan													43725	calendrier
-53873303585	semaine	yq		lɔgɔkun	"<img src=""_CIV.png"">"								Dɔgɔkun	"<img src=""_MLI.png"">"			43725	MLI calendrier
-53873333109	jour			loon				tile									43725	calendrier
-53873557747	mois	yq		kalo													43725	calendrier
-53873571460	hier	yq		kunu													43725	calendrier essentiel
-53873672574	jeune homme	bk		kamelen													43725	essentiel
-53873715604	marché	yq		lɔgɔ				lɔgɔfiyɛ			Sugu	"<img src=""_MLI.png"">"					43725	MLI essentiel
-53958647735	maison / bâtiment / chambre	bk		soo				bon (n.)			Lu	"<img src=""_CIV.png"">"					43725	essentiel
-53958647736	queue			kokala		Wula ka jɛgɛ ku domu.		ku			Kukala						43725	corp
-53958647737	lapin	bk		sozani													43725	animal
-53958647738	oreille	yq		toro				tulo									43725	corp
-53958647739	école	yq		lakɔli													43725	essentiel
-53958647740	roue	bk		pine													43725	essentiel
-53958647741	repas / nourriture / plat	jl 14	(n.)	domuni	<img src='_CIV.png'/>			fana	<img src='_BFA.png'/>								43725	essentiel marked n
-53958647742	cheveux	yq		kunsigi													43725	MLI corp
-53958647743	amie	kodi		terimuso													43725	essentiel
-53958647744	bolo	bk		bras / main													43725	essentiel
-53958647745	mère	bk		bamuso													43725	essentiel gens
-53958647746	voiture	yq		mobili													43725	essentiel
-54031938759	chaussure	yq		samara				sanbara	"<img src=""_BFA.png"">"								43725	essentiel
-54031985691	chemise	bk		dereke													43725	essentiel
-54126056361	septembre	yq		sɛtanburukalo		mois de mûrissement des céréales		sɛtanburu			sumanmɔkalo						43725	calendrier
-54126083347	août	yq		utikalo		mois de pluies fréquentes		uti			cɔɔcɔɔkalo						43725	calendrier
-54126114666	juillet	yq		zuwekalo		mois de l'hivernage		zuwe			samiɲakalo						43725	calendrier
-54126157170	juin	yq		zuɛnkalo		mois de semailles					dannikalo						43725	calendrier
-54126187129	mai	yq		mɛkalo		mois du début de pluies					samiɲadonkalo						43725	calendrier
-54126222165	avril	yq		awirilikalo		mois de grande chaleur		awirili			funtenibakalo						43725	calendrier
-54126250680	mars	yq		marisikalo		mois de chaleur					funtenikalo						43725	calendrier
-54126282469	février	yq		feburukalo		mois du froid		feburu			foonɛnɛkalo						43725	calendrier
-54126345103	janvier	yq		zanwiyekalo		mois de changement					sanyɛlɛmakalo						43725	calendrier
-54217186342	question	yq		ɲiningali					jl								43725	essentiel question
-54218555366	laquelle préfères-tu?	bk		i be juman lo fɛ?													43725	phrase
-54218752717	je suis en train de faire quelque chose	bk		n'be fɛɛn dɔ kɛ la													43725	marked phrase
-54218752718	ne me regarde pas	bk		kana n filɛ													43725	phrase
-54218752719	c'est quelle chose?	bk		fɛɛn juman lo?													43725	phrase question
-54218752720	laquelle?	bk		juman?													43725	question
-54218752721	qu'est que c'est?	bk		nin ye mun lo ye?				mun lo?									43725	phrase question
-54218752722	c'est quoi ?	bk		mun lo?													43725	question
-54218752723	comment - de quelle façon?	bk		cogo di?													43725	question
-54218752724	écouter	yq		lamɛni kɛ													43725	v
-54218752725	dormir	yq		sinɔgɔ				sunɔgɔ									43725	v
-54218752726	ce / celui-ci / celui-là	bk		nin													43725	essentiel
-54218752728	paragraphe	yq		dakun													43725	
-54218752730	soeur	bk		baliman muso				balimamuso									43725	essentiel
-54292927907	décembre	yq		desanburukalo		mois de la fin de l'année		desanburu			sanlabankalo						43725	calendrier
-54293052445	novembre	yq		novanburukalo		mois de récoltes		novanburu			sumanladonkalo						43725	calendrier
-54293290889	octobre	yq		ɔkutɔburukalo		mois de la fin d'hivernage		ɔkutɔburu			samiɲalabankalo						43725	calendrier
-5462122209	que dieu te benisse	bk		ala i duga				ala i baraji									43725	phrase
-54727441325	compréhension	yq		faamuli				faamuyali			Famuli						43725	
-54727486070	vraiment	yq		tiɲɛ tiɲɛ	"<img src=""_CIV.png"">"			tiɲɛn na			Tigitigi						43725	corp essentiel
-54727515367	pousser  / motiver	bk		lasun													43725	v
-54727531939	coeur	bk		dusu				dusukun			Sɔn						43725	corp
-54727546144	parce que			sabu		Siriki tεna taga baarakɛyɔrɔ la bi sabu a ma kɛnɛ.							Katuguni				43725	marked
-5481833799	marcher	yq		taagama	"<img src=""_CIV.png"">"			taama									43725	v
-55000189426	samedi	yq		samedilɔn / sibirilɔn	"<img src=""_CIV.png"">"			samedilɔn	"<img src=""_BFA.png"">"				Sibiridɔn / Sibiri	"<img src=""_MLI.png"">"			43725	MLI calendrier
-55000189427	vendredi	yq		jumalɔn / juma	"<img src=""_CIV.png"">"			jumanlɔn	"<img src=""_BFA.png"">"				Jumandɔn / Juman	"<img src=""_MLI.png"">"			43725	MLI calendrier
-55000189428	mercredi	bk		arabalɔn / araba	"<img src=""_CIV.png"">"			arabalɔn	"<img src=""_BFA.png"">"				Arabadɔn / Araba	"<img src=""_MLI.png"">"			43725	MLI calendrier
-55000189429	mardi	bk		taratalɔn / tarata	"<img src=""_CIV.png"">"			talatalɔn	"<img src=""_BFA.png"">"				Taratadɔn / Tarata	"<img src=""_MLI.png"">"			43725	MLI calendrier
-55000189430	lundi	bk		tɛnɛnlɔn / tɛnɛn	"<img src=""_CIV.png"">"			tɛnɛnlɔn	"<img src=""_BFA.png"">"				Ntɛnɛndɔn / Ntɛnɛn	"<img src=""_MLI.png"">"			43725	MLI calendrier
-55000189431	jeudi	yq		alamisalɔn / alamisa	"<img src=""_CIV.png"">"			lamisalɔn	"<img src=""_BFA.png"">"				Alamisadɔn / Alamisa	"<img src=""_MLI.png"">"			43725	MLI calendrier
-55000189432	dimanche	yq		dimansilɔn / hatilɔn	"<img src=""_CIV.png"">"			dimansilɔn	"<img src=""_BFA.png"">"				Karidɔn / Kari	"<img src=""_MLI.png"">"			43725	MLI calendrier
-55362297427	paysan	bk		sɛnɛkɛla													43725	essentiel
-55362297428	docteur	yq		dɔkɔtɔrɔcɛ				dɔgɔtɔrɔ									43725	gens
-55362297431	fille	yq		sunguru				denmuso									43725	gens
-55362297432	famille étendue	bk		somogow													43725	essentiel
-55362297434	petit-frère	bk		dogocɛ													43725	essentiel
-55362297438	père	yq		facɛ				faa									43725	gens
-55365479141	africain	bk		farafin													43725	essentiel
-55365492608	européen / blanc	bk		tubabu													43725	essentiel
-55856535102	lion	yq		waraba	"<img src=""_MLI.png"">"			jara / jaraba	"<img src=""_CIV.png"">"								43725	MLI animal
-55856535105	partir / aller	bk	(v.)	taga		A tagala Abidjan		taa									43725	essentiel vi
-55856535106	dépouilles, morts	bk		suw													43725	
-55856535108	cheval / maison	bk		soo														animal duplicate
-55856535110	sacrifier	bk		saraka	v	N ka wari saraka											43726	v vt wt
-55856535111	mourir	bk		saya		Wulu sala											43725	v vi
-55856535114	grande pluie	bk		sanjiba													43725	essentiel
-55856535115	pluie / année	kodi		sanji													43725	essentiel
-55856535116	mouton	bk		saga													43725	animal
-55856535117	serpent	bk		saa													43725	animal
-55856535118	bon	yq		ɲuman													43725	essentiel
-55856535119	femme	bk		muso													43725	essentiel
-55856535120	homme / personne	bk		mɔgɔ													43725	essentiel
-55856535121	désobéissant	bk		kanminɛ bali													43725	unbouake
-55856535122	obéir / eduquer / discipliner	bk	(v.)	kolo	"<img src=""_CIV.png"">"	A ma kolo dɛ !		kanminɛ	"<img src=""_BFA.png"">"		Kaan minɛni kɛ	"<img src=""_BFA.png"">"					43725	marked v
-55856535123	ange	yq		mɛlɛkɛ													43725	
-55856535124	décider	yq		latigɛ													43725	marked v
-55856535125	tomber	yq		ben													43725	vi
-55856535127	tromper	yq	(v.)	nɛgɛ				lafili									43725	v
-55856535128	bateau	bk		kurunba				kurun									43725	essentiel
-55856535129	pirogue	bk		kurun													43725	essentiel
-55856535131	très	bk		kosɔbɛ													43725	essentiel
-55856535134	sauver	yq	(v.)	kisi		Kisi fɛn ma (mɔgɔ...)											43725	v
-55856535138	aimer	yq		kanu													43725	v
-55856535139	interdit	yq		kana				dagalen tɛ									43725	essentiel
-55856535140	étudier	bk		degi				dege									43725	marked v
-55856535141	pécher	bk		jurumu													43725	v
-55856535142	chose	kodi		fɛɛn	<img src='_CIV.png'/>			fɛn	"<img src=""_MLI.png"">"								43725	MLI essentiel
-55856535143	mauvais	bk		jugu													43725	essentiel
-55856535144	image	bk		jaa													43725	
-55856535145	vivre	bk		ɲɛnamaya													43725	v
-55856535146	paix / bonheur	bk		hɛrɛ (n.)													43725	essentiel
-55856535147	bonheur			dagamunin													43725	essentiel marked
-55856535148	détruire	yq		halaki													43725	v
-55856535149	se souvenir / esprit penser	bk		hakili		N hakili t'a la											43725	v
-55856535150	marier	bk		furu		A ma furu / A furula											43725	v vi
-55856535152	aussi			fana													43725	essentiel
-55856535153	oeuf	yq		fan													43725	essentiel
-55856535154	âne	yq		fali	"<img src=""_BFA.png"">"			sofali									43725	animal marked
-55856535155	tuer, abattre, éteindre	bk		faga		N ya wulu ka sise faga											43725	v vt
-55856535156	terre	yq		dugukolo				bɔgɔ									43725	essentiel
-55856535158	grand / hauteur	bk		janya													43725	
-55856535161	enfants	bk		denw				deenw									43725	essentiel
-55856535163	garçon / fils	bk		dencɛ													43725	essentiel gens
-55856535165	mendier / demander	bk		deli	"<img src=""_CIV.png"">&nbsp;Odienné"	A b'a fɛ k'i dari		dari	"<img src=""_CIV.png"">&nbsp;Bouaké"								43725	marked v
-55856535166	créature	bk		danfɛn													43725	
-55856535167	parfait	yq		dafalen													43725	leech
-55856535168	faire			kɛ		Kunu, a ka kɛ											43725	v vt
-55856535170	droite	bk		bolo ɲuman	"<img src=""_CIV.png"">"			kini bolo	"<img src=""_MLI.png"">"								43725	MLI essentiel
-55856535171	gauche	bk		bolo jugu	"<img src=""_CIV.png"">&nbsp;"			numan bolo	"<img src=""_MLI.png"">&nbsp;"								43725	MLI essentiel
-55856535173	gros	kodi		belebele													43725	essentiel
-55856535174	tout / tous	yq		bɛɛ													43725	essentiel
-55856535175	adorer	yq		bato													43725	v
-55856535176	chèvre	yq		baa													43725	animal
-55856535178	grand	bk	(adj.)	ba		Sanji ba											43725	essentiel
-55856535179	joli	yq		cɛ ka ɲi													43725	essentiel
-55856535181	dieu	bk		ala													43725	essentiel
-55856535182	c'est bon	bk		a ka ɲi													43725	essentiel
-55856535183	merci / diminuer	bk		barika													43725	essentiel
-55856535184	à jamais / à toujours	yq		abada													43725	essentiel
-5587347447	c'est comme ça	bk		a be ten													43725	essentiel phrase
-5642987963	bonté	yq		ɲumanya				ɲumaya									43725	
-5643947273	exemple	wt		ɲɛyirali				misali	ma								43725	
-5644181930	courage	rc		jagwɛlɛya	"<img src=""_CIV.png"">"			jagɛlɛya	"<img src=""_MLI.png"">"								43725	MLI
-5810084146	c'est moi	bk		ne lo													43725	phrase
-5841878338	un long chemin	bk		sira ka jan													43725	phrase
-5843352880	regarder	yq		filɛ	"<img src=""_CIV.png"">"	N be filɛli kɛ					Lajɛ	"<img src=""_MLI.png"">"					43725	MLI marked
-5926327875	je suis entré dans la maison	bk		n dola bon na.													43725	leech phrase
-5926384811	j'ai un rhume.	bk		mura be n na.													43725	phrase
-5926408929	rhume	yq		mura													43725	santé
-6414475196	est-ce que c'est intéressant?	bk		o ka di wa?													43725	phrase question
-6415305877	tu dis quoi ?	bk		ile ko di ?													43725	phrase
-6416047111	tous le temps cest pas le meme chez dieu	bk		wagati bɛɛ tɛ kelen ye ala fɛ													43725	phrase
-6713724513	je veux dire que...	bk		ne be fɛ ka fɔ ko...													43725	phrase
-6713968474	je dis	bk		ne ko													43725	phrase
-6714023040	jusqu'à	kodi		fɔɔ		example											43725	essentiel
-6714070575	je ne viendrai pas	bk		n tena na													43725	phrase
-6758381958	j'ai une chemise	bk		dereke be ne fɛ													43725	phrase
-6758788631	le mal guéri le mal	bk		dimi lebɛ dimi sa													43725	phrase
-6966007741	jai un bic.	bk		biki be ne fɛ.													43725	phrase
-7051617887	joie	yq		ninsɔndiya				nyagali			Nagali						43725	v
-7056601206	j'ai une montre	bk		montɔrɔ be ne fɛ													43725	
-7455322472	et	bk		...ni...				...ani...									43725	essentiel
-7539514123	c'est mieux aujourd'hui	bk		bi ka fisa													43725	phrase
-7539576588	comment va l'enfant	bk		den fari be di?													43725	phrase
-7539868355	louche	bk		kuru ba													43725	
-7539952918	fourchette ou écumoire	bk		kuru sɔgɔsɔgɔ													43725	
-7539976876	cuillière	bk		kuru													43725	
-7540204535	connaissance	yq		lɔniya													43725	v
-7540249164	connaitre	bk		lɔn													43725	essentiel v vt
-7540359438	changement	yq		yɛlɛmali				yɛlɛmani									43725	
-7651829509	miel	yq		li													43725	nourriture
-7662480041	force / puissance	bk		fanga													43725	
-7788796832	que chacun se reveil le matin	bk		ala an kelen kelen wuli													43725	phrase
-7791876226	nez	yq	(n.)	nu													43725	corp
-7791903746	plante de pied	bk		sen tɛgɛ													43725	corp
-7791941218	cuisse	bk		woto							woro	"<img src=""_MLI.png"">"					43725	MLI corp
-7792030022	gros orteil	bk		sen kumande ba													43725	corp
-7792055372	petit doigt	bk		bolo kumande fitini													43725	corp
-7792085208	pouce	bk		bolo kumande ba							Bolonkɔnikunba	"<img src=""_MLI.png"">"					43725	MLI corp
-7792110343	doigt	yq		bolokumande	"<img src=""_CIV.png"">"			bolokanden			Bolokɔni / Bolonkɔni	"<img src=""_MLI.png"">"					43725	MLI corp
-7839977565	bleu	yq		bula				bulaman									43725	couleur
-7840058159	jaune	yq		nere				nɛrɛnu(man)									43725	couleur
-7840060490	vert	yq		biŋkɛnɛ				binkɛnɛman									43725	couleur leech
-7878131213	il est venu sur moto.	bk		a nan na moto kan.													43725	phrase
-7878259120	je suis venu en voiture.	bk		n nan na mobili kɔnɔ.													43725	phrase
-7878326931	bonne guerison	bk		ala ka nɔgɔya kɛ													43725	phrase
-7878496085	la matinée est arrivée; il n'y a rien de mal	bk		dugu gwɛ la; foyi tɛ													43725	phrase
-7878568457	on est ensemble.	bk		an be ɲɔgɔn fɛ.													43725	phrase
-7878667522	serre-moi la main	bk		i tɛgɛ don n bolo				bolo don n bolo									43725	marked phrase
-8088147732	rouge	yq		wuleman													43725	couleur
-8088212970	noir	yq		finman		phrase avez couleur											43725	couleur
-8099771854	devant	yq kodi		ɲa fɛ	"<img src=""_CIV.png"">"			ɲɛ fɛ	"<img src=""_BFA.png"">"								43725	essentiel
-8219438417	2019			saan waa fila ani tan ni kɔnɔton													43725	calendrier chiffre
-8345687794	je ne veux pas te fatiguer	bk		n tɛ fɛ k' i sɛgɛ													43725	phrase
-8360950170	j'ai compris.	bk		n ka faamu.													43725	phrase
-8360992248	j'ai compris. / j'ai entendu.	bk		n ka mɛn.													43725	phrase
-8361038700	je t'ai entendu.	bk		n k'i lamɛn.													43725	phrase
-8439635054	il est grand	bk		a ka jan													43725	phrase
-8521542029	poisson fumé	bk		jɛgɛ usu													43725	nourriture
-8522151866	attends moi	bk		lɔ ka n kɔnɔ													43725	phrase
-8522305713	un jour avant hier	bk		kuna sini kɔfɛ													43725	calendrier
-8523273944	ils ne sont pas ici	bk		o tɛ yen													43725	marked phrase
-8878884938	ca fait deux jours	bk		a kɛla tere fila	"<img src=""_CIV.png"">"			i ni fama	"<img src=""_CIV.png"">&nbsp;Odienné<br>"		I ni la fila	"<img src=""_MLI.png"">"					43725	MLI essentiel phrase
-9126606725	neuf / nouveau	yq		kura													43725	essentiel
0f7aaa1a-8b0f-457d-925b-dfa437969f95	colère			dimiya													43725	
10324820876	canard	bk		tongonon													43725	animal
10327043748	fourmi	yq		jugumɛni				dugumɛnɛ	"<img src=""_BFA.png"">"		Mɛnɛmɛnɛ						43725	animal
1408180573	reposer	bk		nene kiri		N bena nene kiri		lafiɲɛ									43725	marked v
1445272529459	comprendre	yq		faamu		n ka faamu											43725	vt
1451813917579	combien	yq		joli		Joli bɛ i kuŋ / bolo											43725	question
1516095877	il est parti la bas	bk		a tagala yen													43725	bouake
1527665647506	ça ressemble à …	yq		a bɔnin be …ma		A bɔnin be mun le ma ?											43726	wt
1527665647867	manière	yq		cogoya		A ka cogo sɔrɔ		cogo			kɛcogo		Wale	jl 11			43725	
1527946171929	travailler	yq		baara kɛ													43725	vi
1527946171945	fuir / echapper / courir / conduire	kodi	(v.)	bori		n bolila		boli									43725	essentiel vi
1527946172032	mal / douleur	yq	(n.)	dimi													43725	corp essentiel
1527946172154	chaque fois	kamagate		tuma kelen kelen													43725	essentiel
1528479911909	argent	yq		wari		N b’a fɛ ka mobili san nka wari tɛ n bolo.		warigwɛ									43725	essentiel
1528479911910	argile	yq		bɔgɔn													43725	
1528479911911	au travail	yq		baarakɛyɔrɔ la													43725	
1528479911912	au-dessus / en haut	yq		san fɛ													43725	essentiel
1528524001	un doigt ne peut pas lever un cailloux.	bk		bolokumande kelen tɛ se ka bɛrɛ ta.				bolokumande kelen tɛ se ka kabakuru ta.	"<img src=""_CIV.png"">"								43725	marked phrase
1528620781278	ce n'est pas tout / non seulement	dictionaire		o dɔrɔn tɛ													43725	phrase
1528816741117	python	kamagate		mininyan ba				mininyan suruni									43725	animal
1529143433471	discuter / bavarder	yq		baro kɛ													43725	essentiel vi
1529143433472	animal domestique	yq		bɛgan	"<img src=""_CIV.png"">"	Soo ye bɛgan ye		bigan			Bagan						43725	animal
1529143433473	cailloux / gravier / pierre	yq		kabakuru	"<img src=""_CIV.png"">"			farakulu / farakolo	"<img src=""_MLI.png"">"		Bere						43725	marked
1529143433474	bobo-dioulasso	yq		bobo-julaso													43725	geo
1529143433475	artisant	yq		bololabaara													43725	gens marked
1529143433477	constructeur	yq		boon lɔbaga													43725	gens
1529143433478	sac	yq		saki				bɔrɔ			Sakɔsi						43725	
1529143433479	panetier	yq		buru dilanbaga				buru kera tigi									43725	gens
1529143433480	museau	yq		dakala													43725	corp
1529143433482	diphtérie	yq		falakabana													43725	santé
1529143433484	fort, puissant	yq	(adj.)??	fangaman		exemple											43725	marked
1529143433485	peau	yq		fara				farikolo			Wolo	"<img src=""_MLI.png"">"					43725	MLI corp
1529143433486	france	yq		faransi jamana													43725	geo
1529143433487	athlétisme	yq		farijo													43725	
1529143433488	nu	kamagate		farilakolon	<img src='_CIV.png'/>			fanita kan									43725	corp
1529143433489	folie	yq		fatɔya				hakilitanya									43725	
1529143433490	aile	yq		gama fura													43725	corp
1529143433492	condamnation	yq		jalakili													43725	
1529143433493	trahir	yq		janfa				jigitigɛ	"<img src=""_CIV.png"">Bouake<br>"								43725	delete marked v
1529143433494	traitre	yq		janfancɛ				janfaci									43725	
1529143433495	découvrir	yq		ka lon													43725	marked
1529143433496	il a demandé à boire			a ka minji deli													43725	
1529143433497	langue (parlée) / voix	yq		kaan		need example											43725	
1529143433498	short	yq	(n.)	kilɔti													43725	
1529143433499	rhumatisme	yq		koloci				kolobana									43725	santé
1529143433500	discipline / éducation / obéissance	yq		kololi													43725	
1529143433502	pensée		(n.)	mirili				miriya									43725	
1529143433503	pause / repos / sièste	yq	need noun example	lafiyɛn													43725	marked
1529143433504	guinée-bissao	yq		laginɛ biso													43725	geo
1529143433505	guinée equatoriale	yq		laginɛ ekuwat.													43725	geo
1529143433506	hebdomadaire	yq		logokun o logokun													43725	calendrier
15291434335074	le week-end	yq		lɔgɔkun laban na													43725	
1529143433508	quelqu'un de compatissant	yq		makaritigi													43725	marked
1529143433509	besoin	yq	(n)	makoya													43725	
1529143433511	respirer / respiration / respiratoire	yq		nɛnɛkiri				nɛnɛkili									43725	marked santé
1529143433512	trouble respiratoire	yq		nɛnɛkiri bana													43725	santé
1529143433513	faux / mensonge / calomnie	yq		faniɲan	"<img src=""_CIV.png"">"			ngalon	"<img src=""_BFA.png"">"		Wuya	"Bouaké&nbsp;<img src=""_CIV.png"">&nbsp;"					43725	marked
1529143433514	cadeau	yq		nilifɛn				kado									43725	
1529143433516	centrafrique	yq		santarafiriki													43725	geo
1529143433517	or	yq		sanu													43725	
1529143433518	loi	yq		sariya													43725	
1529143433519	principe	yq		sariyakolo													43725	marked wt
1529143433520	aspect / apparence / forme	yq		sawura													43725	marked
1529143433521	sucre	yq		sukaro													43725	nourriture
1529143433522	diabète	yq		sukarobana													43725	santé
1529143433523	totem / interdit	yq		tana		Tana lo											43725	
1529143433525	histoire	yq		tariku				maana									43725	
1529143433526	disenterie	yq		tɔgɔtɔgɔmi													43725	santé
1529143433528	malheur / peine / souffrance	yq		tɔɔrɔ													43725	
1529143433529	week-end	yq		wikɛni				lɔgɔkun laban na									43725	calendrier
1529143433530	invisible	yq		yebali													43725	
1529143433531	loin	yq		yɔrɔ ka jan													43725	
1529190677480	sans doute	wt		siga t’a la													43725	essentiel
1529191015378	désert	wt		kongokolon													43725	
1529191270204	pensez-y	wt		miiri ka filɛ													43725	
1529227811242	concombre	wt		kɔkɔnburu													43725	nourriture
1529227963980	ail	wt		layi													43725	nourriture
1529496492240	tousser			sɔgɔsɔgɔ													43725	santé
1529599765397	provoquer	jl 8		darabɔ													43726	
1529599765401	choix	jl 8		sugandili													43725	
1529599765409	radio	jl 9		arajo													43725	
1529599765412	soucis	jl 9		haminankow													43726	
1529599765431	l'age	jl 10		sanda		example											43725	
1529599765462	plage	jl 12		kɔgɔjida				plagi									43725	
1529599765466	téléphone	jl 12		telefɔni													43725	
1529599765470	gens de la maison	jl 12		somɔgɔw													43725	
1529599765512	travail manuel	jl 16		bolo baara													43725	
1529599765537	l'eau à boire	jl 18		jii minta													43725	
1529599765545	se dépêcher	jl 18	(v.)	teliya													43725	v
1529599765547	transmettre / envoyer	jl 18		lase		Lase ... a ma											43725	
1529599765573	bureau	jl 21		biro													43726	
1529599765579	internet	jl 21		ɛntɛrɛnɛti													43726	
1529599765589	la venue	jl 22		nali													43725	marked
1529599765600	ordinateur	jl 23		ɔrdinatɛriw													43726	
1529599765613	années passées	jl 25		saan tɛmɛninw													43725	
1529657783606	cheville			ntama / ntamakuru	"<img src=""_MLI.png"">"												43725	MLI corp
1529657783607	cil			ɲɛsi							ɲɛsi,ɲɛwolosi	"<img src=""_MLI.png"">"					43725	MLI corp
1529657783608	colonne vertébrale			kɔkolo							Kɔkolo / Jɔkolo	"<img src=""_MLI.png"">"					43725	MLI corp
1529657783609	côte			galaga							Galaka / Sabakolo	"<img src=""_MLI.png"">"					43725	MLI corp
1529657783611	bon sens			hakili ɲuman													43725	
1529657783612	front										ten / fɔn	"<img src=""_MLI.png"">"					43725	MLI corp
1529657783613	hanche			tɔgɔ	"<img src=""_MLI.png"">"			gerɛn									43725	corp marked MLI
1529657783615	jambe / pied			sen / seen													43725	MLI corp
1529657783616	joue					What is Ivory Coast word?					kènken / dafuruku	"<img src=""_MLI.png"">"					43725	MLI corp
1529657783620	menton			bonbon kun							Bonbon	"<img src=""_MLI.png"">"					43725	MLI corp
1529657783621	muscle			fasa													43725	corp
1529657783622	narine			nuwo				nudinga			Nuwo / Nufile	"<img src=""_MLI.png"">"					43725	MLI corp
1529657783623	nerf			fasa juru							fàsàjuru,fàsàsira,sɔmìnan	"<img src=""_MLI.png"">"					43725	MLI corp
1529657783624	orteil			sen kumande							Sɛnkɔni	"<img src=""_MLI.png"">"					43725	MLI corp
1529657783625	os		(n.)	kolo													43725	MLI corp
1529657783627	poignet			bolokan							Bolonɛgɛladonyɔrɔ	"<img src=""NKo_Ny.svg"">"					43725	corp
1529657783628	poux										pu	"<img src=""_MLI.png"">"					43725	MLI corp
1529657783630	rein										Kɔmɔkìli	"<img src=""_MLI.png"">"					43725	MLI corp
1529657783631	ride			ɲugu / ɲuguɲugu	"<img src=""_MLI.png"">"												43725	MLI corp
1529657783634	squelette										kolojalan	"<img src=""_MLI.png"">"					43725	MLI corp
1529657783635	sueur			wɔsiji													43725	corp
1529657783636	talon	jm		sen ju	<img src='_CIV.png'/>						Sen tontòli	"<img src=""_MLI.png"">"					43725	MLI corp
1529678551506	deuxièmement	yq		filanan													43725	chiffre essentiel
1529678551507	sagesse	yq		hakilitigiya													43725	
1529678551508	stylo	yq		biki		Biki b'i fɛ wa?		sɛbɛri kɛlan									43725	
1529678551509	en ville	yq		dugukɔnɔ													43725	
1529678551510	en bas	yq		duguman				jukɔrɔ			Duguma						43725	essentiel
1529678551511	passion	yq		jarabi													43725	
1529678551512	calcul mathématique	yq		jateminɛ													43725	
1529678551513	comptes	yq		jateminɛw													43725	
1529678551514	vite / tôt	yq		joona (joona)													43725	
1529678551515	tôt le matin	yq		sogoma joona							Sogoma da joona fɛ						43725	
1529678551516	faim			kɔngɔ		An kɔngɔ b'a la											43725	essentiel
1529678551517	pensée	yq		miriya													43725	
1529678551518	poussière	bk		pusiyeri				buguri									43725	
1529678551519	ballon	yq		balɔn													43725	
1529678551520	natte	yq		dɛbɛ													43725	essentiel
1529698322933	tabaski	kodi		seliba													43725	
1529703600700	table	kodi		tabali													43725	essentiel
1529703600701	chaise	kodi		sigilan													43725	essentiel l1
1529703600702	la / la-bas	kodi		yen		A tagala yen											43725	essentiel
1529703600703	fusil	kodi		marfa													43725	essentiel
1529703600704	peu	kodi		dɔɔni		Dɔɔni be a kɔrɔ											43725	essentiel l1
1529703600705	nuit	kodi		su													43725	essentiel
1529703600706	usagé / mauvais	kodi		kolon													43725	essentiel
1529703600707	se lever / lever	kodi		wuli													43725	essentiel v
1529703600708	petit	kodi		misɛn				fitini									43725	essentiel
1529703600709	durer	kodi		mɛɛn													43725	essentiel marked
1529703600710	mettre	kodi	(v)	bla													43725	essentiel v
1529703600711	frapper	kodi		bugɔ													43725	essentiel v
1529703600712	ami(e)	kodi		teri				tericɛ			Terimuso						43725	essentiel l1
1529703600713	mosqué	kodi		misiri													43725	essentiel
1529703600714	champ	kodi		foro													43725	essentiel
1529703600715	rester	kodi	(v.)	to													43725	essentiel v
1529703600716	nom	kodi		tɔgɔ													43725	essentiel l1
1529703600717	ici	kodi		yan		A nan na yan.											43725	essentiel
1529745613153	sauce graine	emmanuel		teɲi nan													43725	
1529866417683	rien ne se fait sans raison	dns		foyi tɛ kɛ ni kun t'a ra		Foyi tɛ kɛ ni kun tɛ a ra											43725	phrase
1530110576627	tu vas le trouver			i be taa a sɔrɔ													43725	
1530116564391	repas de soir	kamagate		sula		exemple différent de singe										30116564391	43725	
1530699154018	c'est  ça			o lo	"<img src=""_CIV.png"">"			jati	"<img src=""_BFA.png"">"		Ale lo						43725	
1530780907553	la critique ne tue pas	taxi		fɔ tɛ mɔgɔ ban													43725	proverbe
1530781321340	menteur			faniɲantigɛla	<img src='_CIV.png'/>Bouaké			ngalontigɛla	<img src='_BFA.png'/>								43725	gens
1530877568081	il a eu peur			a jatigɛla				a sirana									43725	phrase
1535119308748	plainte	rc		ɲunuɲunu													43725	
1535205454371	mangouste	rc		wata juba													43725	animal
1535205494493	colibri	rc		kɔnɔn dakalajan													43725	animal
1535878027723	guider			ɲɛminɛ													43725	
1536486975202	et la nuit	abu bouaké		su farala di				su temena di	sp								43725	
1536516490491	je vais rencontrer quelqu'un	Bouaké		ne ni mɔgɔ dɔ  bena ɲɔgɔn ye													43725	marked
1538147693870	son affaire	kodi		taako													43725	l3
1538147724121	venue / arrivé		(n.)	nako													43725	
1538147755443	retour	kodi	(n.)	sekɔ													43725	l3
1538505721010	brebis	tg		sagadenw													43725	animal wt
1538655602	l'homme lui-même	bk		mɔgɔ yɛrɛ													43725	gens
1538903026921	âpre			basi		Basi Tɛ											43725	
1538906597740	ville			duguba													43725	
1539113758485	avenir	mwb		sinima				siniɲasigi									43725	marked
17834855115	lourd	yq		gwili													43725	essentiel
21895485548	allons	bk		an ya taga.	"<img src=""_CIV.png"">"						An ka taga.	"<img src=""_MLI.png"">"					43725	MLI phrase
21895511963	arretes-toi	bk		ile lɔ													43725	phrase
22159347319	avant de / que	yq		kasɔrɔ ka		i bɛ i tɛgɛ ko kasɔrɔ ka domuni kɛ.		ka sɔrɔ									43725	marked
22159392751	sinon	yq		n'o tɛ		Nan jonan n’o tɛ n bɛna taga!											43725	
22159414639	mais	bk		nka				nga									43725	
22159427790	pour cela	bk		o kosɔn													43725	
22159483862	avant que	kodi		sani		Sani i facɛ ye nan, i ka kan ka yɔrɔ labɛn.											43725	marked
22161653911	ce n'est pas ça / lui	bk		ale tɛ													43725	phrase
22488632402	c'est l'homme qui fait l'homme	bk		mɔgɔ be yen mɔgɔ kɛ mɔgɔ ye													43725	phrase
24580719515	depuis	bk		kabini		Kabini a nan na a ma a bamuso ye.											43725	
24580780075	si	yq		ni...				mana									43725	unbouake
2476966392	criquet / sauterelle	bk		tɔɔn	Bouake			ngreni	<img src='_CIV.png'/>Bouake				Jolon				43725	animal marked
2476995342	griot	bk		jeli													43725	
2477221638	explication			sɛgɛsɛgɛli													43725	
25096152763	prier / demander	kodi		seri / seli													43725	marked v
25097016718	écrire	yq		sɛbɛli kɛ													43725	v
25810073427	nourrir / vivre / élever	bk	(v.)	balo		A be balo la											43725	v vi
25b96257-feb8-400a-9417-709a96a1da08	mûr (fruit)	yq		mɔnlen		need example												
26490304959	déchirer	bk		farafara				faran									43725	v
26490383932	ce n'est pas pour moi	bk		n ta tɛ													43725	phrase
26490421635	c'est à moi	bk		n ta lo	"<img src=""_CIV.png"">"			n ta don	"<img src=""_MLI.png"">"								43725	MLI phrase
26568426171	fais le venir.	bk		taa a la na.													43725	bouake phrase
26641994456	douter	yq		siga		Siga t'a la											43725	essentiel v
26986729853	pour sa part / quant à	kodi		kɔni													43725	l3
27201819760	arrête !	bk		a dabla !	"<img src=""_CIV.png"">"			a to !									43725	phrase
27205737326	oeil			ɲakili	"<img src=""_CIV.png"">"			ɲakise	"<img src=""_BFA.png"">"		ɲɛ	"<img src=""_MLI.png"">"	Ɲakile				43725	MLI corp
27206246061	lutter			kɛlɛ	"<img src=""_CIV.png"">"			bondori	"<img src=""_BFA.png"">"								43725	marked
27206395649	foi			limaniya				lanaya									43725	
27206473406	quelle heure / quand	bk		tuma juman	"<img src=""_CIV.png"">"			wagati juman	"<img src=""_BFA.png"">"								43725	calendrier question
27206573736	ou bien	bk		wala	"<img src=""_CIV.png"">"			walama	"<img src=""_BFA.png"">"		Walima						43725	
27207485786	pourquoi ?	bk		mu na?				mun kosɔn?									43725	question
27249273076	voir	yq	(v.)	ye		I ka i ya mobili ye											43725	vt
27767656744	ananas	bk		jabibi	"<img src=""_MLI.png"">"												43725	MLI nourriture
27768736655	guêpe	yq		dondoli													43725	animal
27768736657	fourmi ailée	yq		dugumani siman													43725	animal
27768736661	lionceau	yq		jaraden	"<img src=""_CIV.png"">"			waraden	"<img src=""_MLI.png"">"								43725	MLI animal
27768736662	corbeau	yq		kaankaan													43725	animal
27768736663	loup	yq		kongo wulu							Lu	"<img src=""_MLI.png"">"					43725	MLI animal
27768736666	mouche	yq		limɔgɔ													43725	animal
27768736668	veau	yq		misiden													43725	animal
27768736670	agneau	yq		sagaden													43725	animal
27768736671	éléphant		(n.)	sama													43725	animal
27768736672	poulet	yq		sisɛ	"<img src=""_CIV.png"">"			sɛsɛ	"<img src=""_BFA.png"">"								43725	animal
27768736675	moustique	yq		soso													43725	animal
27768736676	singe	yq		sula													43725	animal
27768736677	grenouille	yq		tɔri sen jan	"<img src=""_CIV.png"">"			tɔri	"<img src=""_BFA.png"">"		Ntɔri	"<img src=""_MLI.png"">"					43725	MLI animal
27783419424	il nous a oublié			a ɲinɛna an kɔ													43726	wt
27783419497	respecter / suivre		(v.)	labato		i ka desiziɔn labato											43726	add wt
27783419593	discours / enseignement	jl 3	(n.)	kalan													43726	wt
27783419693	a leur insu			u ɲina ma													43725	
27809169043	humilité / modestie	yq		majigilenya													43725	
27809169044	poing	yq		bolokuru							bolokurun	"<img src=""_MLI.png"">"					43725	MLI corp
27809169045	barbe	yq		bonbonsi							Boonsi	"<img src=""_MLI.png"">"					43725	MLI corp
27809169046	salive	yq		daji													43725	corp
27809169047	haleine / respiration	yq		dakasa				dafiɲɛ	wt								43725	corp
27809169048	utérus	yq		denso													43725	corp
27809169050	pénis	yq alasane		fɔrɔ				wulu			sogoni						43725	corp
27809169051	épaule	yq	(n.)	gama							Kama	"<img src=""_MLI.png"">"					43725	MLI corp
27809169052	cou / gorge	yq		kaan		need example					Kan / Kankala	"<img src=""_MLI.png"">"					43725	MLI corp
27809169053	nuque	yq		kaankala							tɔn	"<img src=""_MLI.png"">"					43725	MLI corp
27809169054	genou	yq		kunbiri kun				kunbiri			Kunbere	"<img src=""_MLI.png"">"					43725	MLI corp
27809169056	vache	yq		misi muso													43725	animal
27809169057	yeux	yq		ɲadenw				ɲɛw			Ɲɛdenw						43725	corp
27809169058	uriner	yq		ɲɛgɛnɛ													43725	corp
27809169059	dent	yq		ɲiin							ɲi	"<img src=""_MLI.png"">"					43725	MLI corp
27809169060	poil	yq		sii							Sin	"<img src=""_MLI.png"">"					43725	MLI corp
27809169061	paume	yq		tɛgɛ	"<img src=""_BFA.png"">"			tigɛ	"<img src=""_MLI.png"">"								43725	MLI corp
27946171920	enceinte	yq		kɔnɔman		A kɔnɔman lo											43725	santé
27946171921	indifférent	yq		a tɛ  mako don													43725	
27946171923	dans nos régions	yq		an ka mara la													43725	marked
27946171924	nous en avons besoin pour...	yq		an mako b'a la ka...													43725	marked
27946171925	ampoule	yq		anpuli													43725	santé
27946171926	envelope	yq		anwolopu													43725	
27946171927	avion	yq		aviyɔn													43725	
27946171928	travail / tâche	yq		baara	(n.)												43725	essentiel
27946171930	adulte	yq		baliku													43725	gens
27946171933	microbe	yq		banakisɛ													43725	santé
27946171934	maladie contagieuse	yq		banayɛlɛmata													43725	santé
27946171935	naître / reproduire (enfants)	yq		bange		I wolola min?		wolo									43725	santé
27946171936	parent	yq		bangebaga													43725	gens
27946171937	stérilité	yq		bangekɛbaliya													43725	santé
27946171938	fécondité	yq		bangeli													43725	santé
27946171939	neveu	yq		belen				dɔgɔnin dencɛ									43725	gens leech marked
27946171940	oncle maternelle	yq		belencɛ													43725	gens
27946171941	cousin	yq		belenden													43725	marked
27946171942	abandonner / laisser	yq		bila		O bila kɛrɛ fɛ.											43725	v
27946171943	bienvenue	yq		i dan se				bisimila									43725	v
27946171944	selles / excréments	yq		bo													43725	corp
27946171947	vaccination	yq		boloci													43725	santé
27946171948	circoncision / excision	yq		boloko				kɛnɛkɛnɛ					Bolo koli				43725	santé
27946171949	bien rasé	yq		bonbosi li koɲuman													43725	santé
27946171950	plaie	yq		bonɛ													43725	santé
27946171951	élargir / grandir vénérer / respecter		(v.)	bonya		Mɔgɔ ka kan ka a bangebagaw bonya											43725	v
27946171952	honneur / respect	yq	(n.)	bonya													43725	
27946171953	peuple / descendance	yq		bɔnsɔn				jama									43725	gens
27946171954	centre / milieu	yq		camancɛ	"<img src=""_CIV.png""><br>"	A bla a camancɛ la											43725	essentiel
27946171955	ramasser / rassembler	yq	(v.)	cɛ				lajɛn									43725	marked v
27946171956	célibataire (homme)	yq		cɛ gwanna													43725	gens
27946171957	homme / mâle / mari			cɛɛ													43725	essentiel gens
27946171958	vieux (homme)	yq		cɛkɔrɔba													43725	gens
27946171959	vieillard	yq		cɛkɔrɔnin													43725	gens
27946171961	limite / fin / extrémité	yq		daan			A ka misɛn	danyɔrɔ					Dan na				43725	marked
27946171962	limiter	yq		daan bɔ													43725	v
27946171963	mettre fin	yq		daan sigi													43725	v
27946171964	sevrage	yq		dabɔli													43725	corp
27946171965	accomplir / comptéter / réaliser	yq		dafa		Ala ka sago dafa											43725	v
27946171966	voyelle	yq		dafanin													43725	
27946171967	consonne	yq		dafata													43725	
27946171969	fermer / enfermer / couvrir	yq		tugu				datugu									43725	v
27946171970	aider / assister	yq		dɛmɛ													43725	v
27946171971	soutien / aide	yq		dɛmɛli													43725	
27946171972	berger	yq		dɛndɛbaga				misigɛna			Sagadɛndɛna						43725	gens
27946171973	plaire	yq		diya		Diya mɔgɔ ye											43725	marked v
27946171974	chasseur	yq		doso				donso									43725	gens
27946171975	musicien	yq		dɔnkilidala													43725	gens
27946171976	seulement	kodi		dɔrɔn													43725	essentiel
27946171977	villageois	yq		dugumɔgɔ													43725	gens
27946171978	voyageur	yq		dugutagala													43725	gens
27946171979	douanier	yq		duwaɲɛcɛ													43725	gens
27946171980	chef corp habille	yq		faama													43725	gens
27946171981	pauvres	yq		faantanw													43725	gens
27946171982	papa	yq		baba													43725	gens
27946171983	frère / demi-frère	yq		faden													43725	gens
27946171985	comportement			jogo		Amidu jogo ma ɲi, o kosɔn teri tɛ a fɛ.											43725	
27946171986	orphelin	kamagate		feretani	"<img src=""_CIV.png"">Bouaké"			falatɔ	"<img src=""_BFA.png"">"								43725	gens
27946171987	vers	bk	(n.)	tumu													43725	animal marked
27946171989	tailleur	yq		fanikalanla													43725	gens
27946171990	ajouter		(v.)	fara		ka fara o kan											43725	v
27946171991	pharmacien	yq		faramasiɲɛ													43725	gens
27946171992	corps	yq		fari													43725	corp
27946171994	athlète / sportif	yq		farijola				farikoloɲanagɛla			Farikoloɲanagwɛla						43725	gens marked
27946171995	perfusion	yq		farilajidon													43725	santé
27946171996	citoyen	yq		fasoden													43725	gens
27946171997	fou	yq		fatɔ													43725	gens
27946171999	trébucher	yq		fili													43725	v
279461720004	peste	yq		finyɛbana				bana yɛlɛmata									43725	marked santé
27946172002	aveugle	yq		fiyɛntɔ													43725	gens santé wt
27946172003	manquer	yq		fɔn		Kana fɔn o la											43725	v
27946172004	médicament	yq	(n.)	fila	"<img src=""_CIV.png"">"			fura	"<img src=""_MLI.png"">"								43725	MLI santé
27946172005	soigner	yq	(v.)	fura													43725	santé v
27946172006	meilleurs soins	yq		furakɛcogo fisamanw													43725	santé
27946172007	epoux / mari	yq		furucɛ													43725	gens
27946172008	conjoint	yq		furuɲɔgɔnma													43725	gens
27946172009	mariés	yq		furuɲɔgɔnman													43725	gens
27946172010	ville voisine	yq		gɛrɛfɛ dugu													43725	
27946172011	secret	yq		gundo													43725	
27946172012	chauffer	yq		gwan	(v.)	A gwana											43725	vi
27946172013	gratuit			gwansan													43725	essentiel
27946172014	dûr / solide	yq		gwɛlɛ													43725	essentiel
27946172017	tiens !	yq		hɔn!													43725	essentiel
27946172018	honnêteté	yq		hɔɔronya													43725	
27946172019	déshabiller (se)	yq		faniw bɔ													43725	v
27946172020	besoin		(v)	mako		N Mako b'i la											43725	v
27946172021	s'assécher / sécher	yq	(v.)	ja		ka kaba ja											43725	v
27946172022	commerce	yq		jago				jagokɛyɔrɔ									43725	
27946172023	affaire commerciale	yq		jagoko													43725	
27946172025	accuser / condamner	yq		jalaki													43725	v
27946172027	espoir / confiance		(n.)	jigi		N jigi b'a la.											43725	n
27946172028	encouragement	yq		jijali													43725	
27946172029	effort sérieux	yq		jijali sobɛ													43725	
27946172030	jeans	yq		jini													43725	
27946172031	blesser	yq		madimi		A madimina											43725	marked santé unbouake
27946172033	dessous / sous			jukɔrɔ				dugu ma			Duguman						43725	essentiel
27946172034	l'eau favorise la santé			jii be kɛnɛya di													43725	phrase santé
27946172035	vacciner	yq		ka boloci													43725	santé
27946172036	en outre / par ailleurs / ensuite	yq		ka fara o kan				fan wɛrɛ fɛ									43725	essentiel
27946172037	rappeler / souvenir (se)	yq		ka hakili jigi													43725	marked v
27946172038	être naturel	yq		ka kɛ i yɛrɛ ye													43725	phrase
27946172039	analyser	yq		ka sɛgɛsɛgɛ													43725	v
27946172040	ralentir	yq		ka sumaya													43725	v
27946172041	résister	yq		ka to kelen kan				lafasa									43725	v
27946172042	cuisiner	yq		tobili kɛ													43725	v
27946172044	méningite	yq		kanjabana													43725	santé
27946172045	enseignant	yq		karamɔgɔ													43725	gens
27946172046	carte	yq		karti													43725	
27946172047	sentir	yq		kasabɔ													43725	marked v
27946172048	accident	yq		kasara													43725	
27946172049	pleurer	yq		kasi													43725	v
27946172050	devenir	yq		kɛ ... yɛ		need example											43725	v
27946172051	livre	yq		gafe													43725	v
27946172052	exciser	yq		kɛnɛ-kɛnɛ				kɔrɔ			Siginɛgɛ						43725	santé
27946172053	santé	yq		kɛnɛya		A be kɛnɛya di											43725	santé
27946172054	juge	yq		kititigɛla													43725	gens marked
27946172055	annoncer	yq		ko fɔ													43725	v
27946172056	nord	yq		kɔgɔdugu yan fan fɛ													43725	
27946172057	rivière			kɔɔ				baa									43725	geo
27946172058	puit	yq		kɔlɔn													43725	
27946172059	prendre garde / prêter attention	yq		kɔrɔsi		ka dusubɔ kɔrɔsi		kɔlɔsi									43725	v
27946172061	diarrhée	yq		kɔnɔboli													43725	santé
27946172062	avortement	yq		kɔnɔcɛn													43725	santé
27946172063	couple	yq		kɔɲɔcɛ ni kɔɲɔmuso													43725	gens marked
27946172064	mariée	yq		kɔɲɔmuso													43725	gens
27946172068	vieillesse	yq		kɔrɔya													43725	santé
27946172069	s'écrier / crier	yq		kule				ka kule									43725	v
27946172070	cri	yq		kulekan													43725	
27946172071	parole	yq	(n.)	kuma													43725	essentiel
27946172072	mots	yq		kumadenw				daɲɛw									43725	
27946172073	phrase	yq		kumasen													43725	
27946172074	lèpre	yq		kunatɔ				kuna			Kunatɔbana						43725	santé
27946172077	boeuf			misi tora				misi									43725	animal
27946172078	chef, propriétaire	yq		kuntigi				tigi									43725	gens
27946172080	conseiller	yq		ladi													43725	v
27946172081	suggestion / conseil / recommandation	yq		ladili													43725	v
27946172082	raconter / relater	yq		lakali													43725	v
27946172083	camarade de classe	yq		lakɔli filankuru													43725	gens
27946172084	à l'école	yq		lakɔli la													43725	phrase
27946172085	venir (faire)	yq		lana		Ta a lana											43725	v
27946172086	annuler / arrêter / laisser	yq		dabila		A Dabila!&nbsp;											43725	v
27946172087	avertir	yq		lasɔmi													43725	v
27946172088	comprimé	bk		filakise													43725	gens
27946172089	gérant d'hôtel	yq		lotɛlitigi													43725	gens
27946172090	apaiser	yq		mada		Dusu mala		mala									43725	v
27946172091	rabaisser	yq		mafiɲɛya													43725	v
27946172092	maman	yq		mama													43725	gens
27946172093	petit-fils	yq		mamaden													43725	gens
27946172094	grand-mère	yq		mamamuso													43725	gens
27946172095	fiancer	yq		maminɛ													43725	gens marked
27946172096	million	yq		miliyɔn													43725	chiffre
27946172097	centaines de millions	yq		miliyɔn kɛmɛ-kɛmɛ													43725	chiffre
27946172098	soif			minlɔgɔ	"<img src=""_CIV.png"">"	Ji minlɔgɔ be na		minnɔgɔ	"<img src=""_BFA.png"">"								43725	
27946172099	automobiliste	yq		mobilitigi													43725	gens
27946172100	meurtrier	yq		mɔgɔ fagala				fagalikɛla									43725	gens
27946172101	prochain (personne)	yq		mɔgɔɲɔgɔn													43725	gens
27946172102	endurer			muɲu													43725	marked v
27946172103	rebeller (se)		v	... muruti... ma		Muruti mɔgɔ ma											43725	marked v
27946172104	veuve	yq		muso cɛ salen				firiyamuso									43725	gens
27946172105	célibataire (femme)	yq		muso gwanna													43725	gens
27946172106	bonne épouse / femme	yq		muso ɲuman													43725	gens
27946172107	affaiblir	yq		nagasi													43725	v
27946172109	larme	yq		ɲaji	"<img src=""_CIV.png""><br>"			ɲɛji	"<img src=""_BFA.png""><br>"		ɲɛji	"<img src=""_MLI.png""><br>"					43725	MLI corp
27946172111	plaindre (se)	yq		ɲuna													43725	marked v
27946172112	patron	yq		patɔrɔn													43725	gens
27946172113	permis (de conduire)	yq		pɛrɛmi													43725	
27946172114	acheter			san	v												43725	essentiel v
27946172115	sain	yq		saniman													43725	santé
27946172116	hygiène / propreté	yq		saniya													43725	santé
27946172117	siècle	yq		sankɛmɛkulu													43725	calendrier
27946172118	ciel	yq		sankolo													43725	
27946172119	arc en ciel	yq		sanmuru				ala ka muru									43725	
27946172120	tonnerre	yq		sanpɛrɛ													43725	
27946172121	payer	yq	(v.)	sara													43725	v
27946172123	répéter			fɔ tugu				segi a kan									43725	essentiel
27946172124	voisin	yq		sigiɲɔgɔn													43725	gens
27946172125	cohabitant	yq		sigiɲɔgɔw													43725	gens
27946172126	peur	yq	(n.)	siranya													43725	
27946172127	maintenant / tout de suite	yq		sisan				sisan sisan									43725	essentiel
27946172128	partager	yq	(v)	son				tilan									43725	v
27946172129	tuberculose	yq		sɔgɔsɔgɔgwɛ													43725	santé
27946172130	crapeau			tɔri	"<img src=""_CIV.png"">"												43725	animal
27946172131	soldats	yq		sɔrɔdasiw													43725	gens
27946172132	palu	yq		sumaya		Sumaya be a la											43725	santé
27946172133	bouton / furoncle	yq		suguni				sumunin									43725	santé
27946172135	partez d'ici	yq		ta ka bɔ yan.													43725	marked phrase
27946172136	aller / partir	yq		taa				taga									43725	v
27946172137	feu	yq	(n.)	tasuma				ta	"<img src=""_CIV.png""><br>"								43725	
27946172138	véritable ami	yq		teri sɔbɛ													43725	gens
27946172139	bras / main	yq		bolo													43725	corp
27946172141	couper / traverser		(v.)	tigɛ													43725	v
27946172142	découper	yq		tigɛtigɛ													43725	v
27946172143	propriétaire	yq		tigi													43725	gens
27946172144	achever / terminer / finir (un travail)	yq		tila													43725	v
27946172145	jour / soleil	yq		tere	"<img src=""_CIV.png"">&nbsp;<br>"						Tile	"<img src=""_MLI.png""><br>"	Lon				43725	MLI essentiel
27946172146	ouest	yq		tileben													43725	
27946172147	est	yq		tilebɔ				kɔrɔn fɛ			Kɔrɔn						43725	
27946172148	sucrer	yq		timi		Need hint											43725	marked v
27946172149	accoucheuse	yq		tinminɛla													43725	gens
27946172150	tee-shirt	yq		tiriko													43725	
27946172151	éternuer	yq		tiso													43725	santé
27946172152	langue des signes	yq		tulogwɛlɛnw ka kumacogo													43725	
27946172153	arrière petit fils	yq		tulomasama													43725	gens marked
27946172155	appeler	yq		wele				kiri					weele				43725	v
27946172156	bouillir	yq		wili wili													43725	v
27946172157	trier	yq		woloma													43725	v
27946172158	sud	yq		worodugu yan fan fɛ													43725	
27946172159	charpentier / menuisier			yiri barakɛla	"<img src=""_CIV.png"">Bouaké"			yiri dɛsɛla			Yiri gwingwila						43725	gens unbouake
27946172160	sculpteur	yq		yirilɛsɛla													43725	gens
27946172161	journaliste	yq		zurunali sɛbɛrikɛla													43725	gens
28035546765	ajuster / aplanir / niveler	yq		dakɛɲɛ													43725	v
28035546766	depuis 16 ans	yq		a saan 16 ye nin ye													43725	v
28299761196	il est venu ici.	bk		a nan na yan.													43725	phrase
282f35ae-118f-4eeb-bb65-68f4501ebc39	froid	yq		nɛnɛ														
28364392934	nous sommes dans la main de dieu.	alasane		an be ala bla la.													43725	phrase
28365516628	ongle	alasane		bolo sɔɔni							Sɔni / Sɔnìfara	"<img src=""_MLI.png"">"					43725	MLI corp
28366095760	testicules	alasane		belekili													43725	alasane corp
28366286693	sourcis / cil	alasane		ɲa sii				ɲɛ sii			Ɲɛkonkonasi	"<img src=""_MLI.png"">"					43725	MLI alasane corp
28366354150	paupière	alasane		ɲa fara							Ɲɛfara / Ɲɛwolo	"<img src=""_MLI.png"">"					43725	MLI alasane corp
28366446248	pupille	alasane		ɲakiseden													43725	alasane corp
28366622927	heure	yq		lɛri													43725	calendrier
28366846362	pomme d'adam	alasane		kaan file file													43725	alasane corp
28367029046	sein	alasane		siin							Sin	"<img src=""_MLI.png"">"					43725	MLI corp
28367076607	poitrine	alasane		disi				disikolo			Disi / Kɔgɔ	"<img src=""_MLI.png"">"					43725	MLI corp
28367283754	casser	alasane	(v.)	ci				kare									43725	alasane
28367609785	vesicule bilaire	alasane		kuna kuna								"<img src=""_MLI.png"">"					43725	MLI alasane corp marked
28367778141	intestins	alasane		kɔnɔ nogo							Nugu	"<img src=""_MLI.png"">"					43725	MLI alasane corp
28367944447	nombril	alasane		bara kun	"<img src=""_CIV.png"">"			kɔnɔbara									43725	corp
28367971257	veine			joli sira							Jolifìnsira	"<img src=""_MLI.png"">"					43725	MLI corp marked
28368107720	sang	alasane		joli (n.)	(n.)						Joli / Basi	"<img src=""_MLI.png"">"					43725	MLI corp
28368192363	levres	alasane		dagwolo							Dawolo	"<img src=""_MLI.png"">"					43725	MLI alasane corp
28368284086	langue (corps)	alasane		nɛɛn				nɛɛnkun									43725	corp
28368362045	fesse	alasane		bobara							jùkuna,jùmugu	"<img src=""_MLI.png"">"					43725	MLI corp
28368415340	cerveau	alasane		kun nɛɛn				zɛmɛ	abidjan		Kùnkòlòsɛmɛ / Kùnkòlòsɔmi	"<img src=""_MLI.png"">"					43725	MLI corp
28368659410	piqure	alasane		kuru													43725	
28368841297	crâne	alasane		kun kolo							Kunkolo / Kunkolofilen	"<img src=""_MLI.png"">"					43725	MLI corp
28368987505	machoire	alasane		dagwana							Dakolo / Dagɛlɛkɛ	"<img src=""_MLI.png"">"					43725	MLI alasane corp marked
28369148070	moustache	alasane		nun sii	"<img src=""_CIV.png"">"						Dalasi / Nukɔrɔsi	"<img src=""_MLI.png"">"					43725	MLI corp
28370590572	gros coeur (qui se fâche facilement)	alasane		dusuba		need example											43725	alasane ex
28371300085	l'homme a une jambe	alasane		cɛ sen kele nin													43725	alasane corp
28382876273	jusqu'aujourd'hui			hali bi													43725	essentiel
28382876274	banane	yq		baranda				namasa	"<img src=""_MLI.png"">"								43725	MLI nourriture
28382876275	beignet de haricot	etb		sɔsɔ furu	"<img src=""_CIV.png"">"			faaro	"<img src=""_BFA.png""><br>"								43725	nourriture
28382876276	bouillie / poison	yq		baga													43725	nourriture
28382876277	bouillon	yq		nanji													43725	nourriture
28382876278	café	yq		kafe													43725	nourriture
28382876279	condiments	yq		nanfɛnw													43725	nourriture
28382876281	foie	yq		biɲɛ							biyɛn	"<img src=""_MLI.png"">"					43725	MLI corp
28382876282	galette	ebt		farin	"<img src=""_CIV.png"">"			ɲɔmi	"<img src=""_BFA.png"">"								43725	marked nourriture
28382876283	huile	ebt		tulu													43725	nourriture
28382876284	il s'est exclamé que	yq		a kabara k'a fɔ ko													43725	phrase
28382876285	il s'est exclamé:	yq		a kabara ko:													43725	
28382876286	jeune filles	yq		sunguruw													43725	
28382876288	jeunes	yq		funankew													43725	marked
28382876289	pain	yq		buru													43725	nourriture
28382876290	sauce	yq		nan	(n.)												43725	nourriture
28382876291	sel	yq		kɔgɔ													43725	nourriture
28382876292	un / seul	bk		kelen													43725	essentiel
28382876293	sorgho	yq		binbiri													43725	nourriture
28382876294	ventre / intérieur	yq	(n.)	kɔnɔ		Kɔnɔ bori											43725	corp
28382876295	viande	yq		sogo													43725	nourriture
2c3d6186-bbc6-4729-bc53-38f986157a40	amical			teriman														
30110950854	effort pour qu'ils ne te trouvent pas			jija kana to o b'i sɔrɔ		Jija Kana to o b'i sɔrɔ											43725	
30111284369	bon retour	kamagate		ala y'a ɲuma segi													43725	
30111789607	quelques rares fois	kamagate		tuma dama dama													43725	
30113296305	d'ici peu / bientôt			yani dɔɔni													43725	
30113742890	oublier			ɲinɛ		A ɲinɛna an kɔ		ɲini									43725	
30116592468	repas de midi	kamagate		terela												30116592468	43725	
3317696881	c'est mieux.	bk		a ka fisa.													43725	phrase
3661703856	endurance			muɲuli													43725	wt
3670486778	aigle	bk		segɛn													43725	animal
3670506647	hippopotame	bk	(n.)	meeri	"<img src=""_CIV.png"">"						Mali	"<img src=""_MLI.png"">"					43725	MLI animal
3670546453	chèvre de montagne	bk		kongo baa													43725	animal
3670593377	crocodile	bk		bamba													43725	animal
3671015070	caffard	bk		ɲɛmbɛrɛ													43725	animal bouake
3747847407	avoir peur	yq		siran							Jatigɛ	startled					43725	v
3748239431	il est dit que...	bk		a fɔra ko...													43725	phrase
3755525512	vers		(p)	fan fɛ													43725	essentiel
375552551234	imiter / refléter	jl 17		ladegi				ladege									43725	marked v wt
3755562597	chameau	yq		ɲɔgɔmɛ													43725	animal
3755666635	papillon	bk		firinfirin													43725	animal marked
37787611568	marmite en fer			nɛgɛdaga													43725	
3827656569	habituer / étudier			degi		N be degila											43725	marked
3827696317	eau	yq		jii		Jii be kɛnɛya di											43725	essentiel
3845946176	attendre	yq	(v.)	kɔnɔ				makɔnɔ			Kɔnɔni kɛ						43725	v
38912413143	protégeṛ̱	wt 1810		latanga				... ka tanga... ma	jl 15	ÖG̈G	tanga						43725	
39597583385	entendre			lamɛn		N k'i lamɛn		mɛn									43725	marked v
39805608170	orange			lenburu													43725	nourriture
3b7839e0-090d-4ddd-8173-0774e783aa97	protéger / couvrir / soutenir	yq		sutara		Ala i sutara											43725	
3b9a3b6d-10bd-43e1-9e8f-01cbca0eb834	à l'envers	yq		a ɲɛɛ jugu kan														
3f4ab054-450d-44d6-872b-b30c6f08f9b8	couvercle	yq		datugunan														
40026202749	voleur			sɔn				soncɛ			Sonyalikɛla						43725	n
40284254243	grand / gros			bon	(adj.)	Ala ka bon / Musa dɔgɔcɛ ka bon ni n ye											43725	
40321636200	unité	mwb		kelenya													43725	
40322027585	demande-toi	mwb		i yɛrɛ ɲininga ko													43725	phrase
403627311	commencer	yq	(v.)	dabɔ				daminɛ			Damina						43725	leech v vi
403694429	cesser / abandonner / arrêter / laisser	bk		dabla													43725	bouake marked v
40379018800	manger			domu		Kunu, n ka jɛgɛ domu. / N ka domuni kɛ.		domuni kɛ									43725	vi vt
40399670729	je compte sur toi			n jigi b'i kan													43725	phrase
407185730834	visage			ɲa	"<img src=""_CIV.png"">"	N bena ɲa ko.		ɲɛ	"<img src=""_BFA.png"">"		ɲɛda,ɲɛna	"<img src=""_MLI.png"">"					43725	MLI corp essentiel marked
408441172584	toutefois / cependant / malgré tout	wt		o bɛɛ n'a ta				o n'a ta bɛɛ									43725	
408444538694	raté	dico		jɛn		N ka jɛn											43725	marked
410971251534	fin			laban													43725	
4294519453	dos	bk		kɔ													43725	corp
43139787968	il se souvient			a hakili b'a													43725	
4363400853	votre mère est venue.	bk		aw bamuso nan na.													43725	phrase
4363400854	je vous ai vus.	bk		n k'aw ye.													43725	phrase
4363400855	ou est awa? elle est dans la maison.	bk		awa be min? a be bon kɔnɔ.													43725	phrase
4363400856	moussa a frappé son petit frère.	bk		musa k'a dɔgɔcɛ bugɔ.													43725	phrase
4363400857	je n'ai pas encore vu ta voiture.	bk		i ya mobili, n m'a ye fɔlɔ.													43725	marked phrase
4363400858	il ne fait jamais quelque chose de bien.	bk		a tɛ koɲuman kɛ abada.													43725	phrase
4363400859	l'homme n'est rien.	bk		adamaden kɔni tɛ foyi ye.													43725	phrase
4363400860	dieu est unique.	bk		ala ye kelenpe ye.													43725	phrase
4363400861	c'est notre père.	bk		an facɛ lo.													43725	phrase
4363400862	ne nous frappe pas.	bk		kana an bugɔ.													43725	phrase
4363400863	il a acheté du poisson et du piment.	bk		a ka jɛgɛ ni foronto san.													43725	phrase
4363400864	il l'a dit à moussa et bakari.	bk		a k'a fɔ musa ni bakari ye.													43725	phrase
4363400865	eh bien, la bouillie et le café ne sont pas la même chose.	bk		ayiwa, baga ni kafe tɛ kelen ye.													43725	phrase
4363400866	il a commencé à avoir de la fièvre, euh, avant-hier matin.	bk		farigwan k'a minɛ, ayiwa, kuna sini sɔgɔma.													43725	phrase
4363400867	bon, je m'en vais.	bk		ayiwa, n be taga.													43725	phrase
4363400868	eh bien, qu'est-ce qu'il est en train de faire?	bk		ayiwa, a be mun lo kɛla?													43725	phrase
4363400869	est-ce que ton travail te satisfait?	bk		i ta baara ka ɲi i ma wa?													43725	phrase
4363400870	il travaille.	bk		a be baara kɛ.													43725	phrase
4363400871	il est au travail.	bk		a be baara la.													43725	phrase
4363400872	bon travail!	bk		i ni baara!													43725	phrase salutations
4363400873	il travaille le fer.	bk		a be nɛgɛ baara.													43725	phrase
4363400874	travailleur	yq		baarakɛla													43725	
4363400875	l'eau n'est pas très fraiche. ça ne fait rien, donne m'en.	bk		ji ma glasi kosobɛ. baasi tɛ. dɔ di n ma.													43725	phrase
4363400876	pardon! de rien!	bk		sabari!  basi tɛ!													43725	phrase
4363400877	l'essence est fini.  c'est grave.	bk		taji bana. o kɛra baasi ye.													43725	phrase
4363400878	il ne faut pas accuser son semblable.	bk		jɔn kana baga. i jɔn ɲogɔn ma.													43725	marked phrase proverbe
4363400879	le poison tue l'homme.	bk		baga be adamaden faga.													43725	phrase
4363400880	le cheval est un animal.	bk		soo ye bɛgan ye.	"<img src=""_CIV.png"">&nbsp;Bouaké"												43725	phrase
4363400881	il y a deux sortes de joueurs de balafon.   celui qui joue le grand balafon, et celui qui joue le petit.	bk		balafɔla ye sugu fla ye. balabafɔla ani baladeninfɔla.													43725	phrase
4363400882	qu'est-ce qui t'a empêché de venir ?	bk		mun k'i bali ka na?													43725	phrase
4363400883	n'avoir pas mangé et n'avoir pas dormi ne sont pas bon.	bk		domunikɛbaliya ni sunɔgɔbaliya, o man ɲi.													43725	phrase
4363400884	le cafe est trop chaud.	emmanuel		café gwana kojugu.	<img src='_CIV.png'/>			café gwana balibali.									43725	marked phrase
4363400885	ce sont ses parents qui ont arrangé le mariage.	bk		a balimaw lo ka furu siri.													43725	phrase
4363400886	nous sommes parents.	bk		anw be balimaw ye.													43725	phrase
4363400887	les parents de fanta sont venus nombreux pour son mariage.	bk		fanta balimaw nana ka caya a furuko kosɔn.													43725	phrase
4363400888	elle nourrit dix personnes.	bk		a be mɔgɔ tan balo.													43725	phrase
4363400889	je vends de la nourriture.	bk		n be balo feere.													43725	phrase
4363400890	que dieu prete vie à cet enfant!	bk		ala ka den balo.													43725	phrase
4363400891	beaucoup de gens sont morts, mais moussa, lui, a survécu.	bk		mɔgɔw caman sala, musa kɔni balola.													43725	phrase
4363400892	il est en vie.	bk		a be balo la.													43725	phrase
4542062599	coriandre	bk		kusubara													43725	marked nourriture
4639316715	espérance	yq		jigiya													43725	
4696293185	venir	yq		na													43725	vi
4896902309	chef de maison	bk		sotigi													43725	gens
4897052312	reveiller	bk		lakunu													43725	marked v vt
4947716332	frère (même mère)	bk		badencɛ													43725	gens
5826eb35-1ffb-4c00-9c87-a5524498ab4a	jamais (never)			fewu														
6098503772	que dieu accept salutations	bk		ala duga amina													43725	marked
6102892193	pauvreté	yq		fantanya													43725	
6107549852	quelques années plus tard...	bk		saan damanin o kɔ...													43725	phrase
64913486659	rapellez vous que	rc 2019		a to i hakili la ko													43725	phrase
64914778130	réjouir			ninsɔndiya													43725	vi
6681786393	quelqu'un honnête	bk		kankelentigi													43725	marked
67259722212	idole / fétiche			boli		Boli sɔn											43725	
67339326626	ainsi / comme ça			ten		I kana kuma ten !											43725	essentiel
67340019297	exactement			cɔ				jati									43725	essentiel
68014560850	ne pas manquer	wt		kana {{c1::fɔn}} o la		change note type											43725	
68319737253	revenir			segi		A segira / Ala y'a ɲuma segi		kɔsegi			Sekɔ						43725	vi
68382609274	ali ka jan	cours		ali est grand													43725	phrase
68382680537	le frère de moussa est plus gros que moi			musa dɔgɔcɛ ka bon ni n ye													43725	phrase
68382716346	je ne suis pas le plus court			n ma surun ni bɛɛ ye													43725	phrase
68382749694	s’il vous plaît, où se trouve le marché ?			hakɛto, lɔgɔfɛ be min ?													43725	phrase
68382880434	je m'apelle diarra			n tɔgɔ ye diarra				n tɔgɔ be diarra			N tɔgɔ ko Diarra						43725	phrase
68382926572	qu’es-tu venue faire à abidjan ?			i nan na mun kɛ abidjan ?													43725	phrase
68383189256	le professeur de madou s'appelle karim			madu ya lakɔlifa tɔgɔ ye karim													43725	phrase
68383210135	l’ami de son petit frère est élève			a dɔgɔcɛ tericɛ ye lakɔliden ye													43725	
68383249877	moussa est le fils de madou			musa ye madu dencɛ ye													43725	
68383266906	ali est une bonne personne			ali ye mɔgɔ nyuman ye													43725	
68383285942	combien ya t-il d’œufs dans le pannier ?			sisɛfan den joli be yen segi kɔnɔ?													43725	
68383345081	je ne sais pas compter jusqu’à dix			n tɛ se ka jatebɔ fɔ ka se tan													43725	phrase
68383402573	hier, j’ai acheté des chaussures.			kunu n ka samara san.													43725	phrase
68383536529	madou a porté une chemise.			madu ka dereke do.													43725	phrase
68383551473	penda a salué son ami.			penda k'a tericɛ fo.													43725	phrase
68383566545	le professeur a acheté une voiture.			lakɔlifa ka mobili san.													43725	phrase
68383581521	ma femme a eu du travail.			n muso ka baara sɔrɔ.													43725	phrase
68383600492	parle fort			i be i kan labɔ				i kan bɔ	<img src='_CIV.png'/>Bouake								43725	phrase
68383905287	on doit respecter ses parents			mɔgɔ ka kan ka a bangebagaw bonya													43725	phrase
68384036972	laves-toi les mains avant de manger.			i be i tɛgɛ ko kasɔrɔ ka domuni kɛ.													43725	phrase
68384052710	siriki n’ira pas au travail aujourd'hui parce qu’il ne se porte pas bien.			siriki tεna taga baarakɛyɔrɔ la bi sabu a ma kɛnɛ.													43725	phrase
68384079903	amidou a un mauvais comportement pour cela il n’a pas d’amis.			amidu jogo ma ɲi, o kosɔn teri tɛ a fɛ.													43725	phrase
68384094188	je veux acheter une voiture mais je n’ai pas d’argent.			n b’a fɛ ka mobili san nka wari tɛ n bolo.	"<img src=""_MLI.png""><br>"			n b’a fɛ ka mobili san nka wari tɛ ne fɛ.	"<img src=""_CIV.png""><br>"								43725	phrase
68384116357	travaille bien sinon je ne te payerai pas.			baara kε ka ɲi n’o tε n tεna i sara													43725	phrase
68384142440	allons vite avant qu’il ne pleuve.			an ye taga jonan sani sanji bε ben.													43725	phrase
68384172951	si tu creuses un trou tu auras de l’eau.			i mana dinga sogi i bε ji sɔrɔ.													43725	phrase
68384189709	si tu ne veux pas faire la prison, il faut éviter le vol.			n i t’a fε ka kaso kε, i ma kan ka sonyali kε.													43725	phrase
68384216458	depuis le décès de notre père, nous n’avons pas eu la tranquillité.			kabini an facε sala, anugu ma ɲasuma.													43725	phrase
68384336274	voler			sonyali kε		N'i t’a fε ka kaso kε, I ma kan ka sonyali kε.		soɲɛ			Sɔɲa						43725	essentiel
68384730115	viens vite ! sinon je vais partir.			nan jonan n’o tɛ n bɛna taga!													43725	phrase
68479908582	quelques			damanin		Saan damanin o kɔ												
69415607847	est-ce que le poisson est pire que la viande?	kodi		jɛgɛ ma di ni sogo ye wa?														
69417151835	parler doucement	musa		dajukɔrɔ kuma fɔ														
69690639735	réussir			ɲana														
69916885057	que dieu vous accompagne			ala ka ɲuman do														
69921165450	que dieu fasse que nous soyons d'accord			ala an ben sen na	Odienné													
69922410595	aucun	kodi		si		Mɔgɔ si ma ta tugun												essentiel
69922483377	aucun homme n'est parti	kodi		mɔgɔ si ma ta tugun														phrase
69935434954	whether	wt		wo														v
70005250618	ce qu'il a pris. c'est à moi.	kodi		a ka min ta. n ta lo.														
70271108613	il y a longtemps			wagati jan tɛmɛni				fɔlɔ fɔlɔ										
70307723643	court			surun		N ma surun ni bɛɛ ye												
70356231418	si oui..   (dans ce cas...)			n'o lo														
70648997097	sourds			tulogwɛlɛnw														
70809314191	il a trouvé une solution	dico		a ka cogo sɔrɔ														
70809341877	n'importe comment	dico		cogo o cogo														phrase
70809381847	de toutes les façons possibles	dico		cogo bɛɛ la														phrase
70809424450	de cette façon	dico		o cogo la														phrase
70809451217	d'une autre façon	dico		cogo wɛrɛ la														phrase
70809485089	chacun a sa prope manière	dico		mɔgɔ bɛɛ ni a cogo														phrase
70809882964	meilleur / préférable	dico		fisa		Jumɛn ka fisa aw ma?												
70809962274	lequel est le meilleur pour vous ?	dico		jumɛn ka fisa aw ma?														
70879497894	dis à musa de venir			a fɔ musa ye ko a ye na														
70892333380	différance	dico	(n.)	danfara		Manje ni mangoro danfara ye jumɛn ye ?		faranfasi	wt									
71052749651	masculin			cɛman														
71247074451	comment dire ceci en jula?			nin be fɔ di julakan na?														essentiel
71247154778	que veut dire x en français			x kɔrɔ ko di fransikan na?														essentiel
71324439844	même si / même lorsque			hali ni		Hali ni kunko bena kɛ												
71326956025	murir			mɔ		&nbsp;Baranda mɔna wa?&nbsp; O ma mɔ fɔlɔ												
71327080839	est-ce que les bananes sont mûres?&nbsp; ils ne sont pas mûres encore.			&nbsp;baranda mɔna wa?&nbsp; o ma mɔ fɔlɔ														phrase
71327834946	mûre&nbsp;			mɔnin		A mɔnin lo												
71501212861	la prochaine fois	wt		siɲɛ wɛrɛ														
7214395493	compatir			makari													43725	marked wt
72249484838	comme / par exemple			i n'a fɔ		A b'i n'a fɔ												
72249986352	c'est comme... / il semble que...			a b'i n'a fɔ...														
72250025464	he is hard headed as a donkey			a kunkolo ka gwɛlɛ i n'a fɔ fali ta														
72250099349	comme dans la mosqué...			i n'a fɔ misali la														phrase
72342517159	écouter			mɛnni kɛ		Mɛnni kɛ i facɛ fɛ												
72353186940	apprendre			kalan		I be julakan kalan wa?&nbsp; /&nbsp; &nbsp;N tun ka kalan kɛ.												v vi vt
72a17002-5089-4c1d-8a33-b13fe514894f	de bien des façons	yq		cogoya caaman na														
74934035944	je vais laver la voiture			n be taa mobili ko														phrase
74934115902	je vais faire laver la voitre			n be taa mobili d'u ma o b'a ko				n be taa mobili di k'a ko										phrase
75638259339	je n'ai pas beaucoup d'argent			wari caman tɛ ne fɛ	"<img src=""_CIV.png""><br>"						Wari caman tɛ n bolo	"<img src=""_MLI.png""><br>"						
78cce866-b1cb-4fe8-a7d0-6f1c953ff018	mer / océan			kɔgɔji													43725	
79424167447	de même			o cogo kelen na														
79424339786	comment dire banane en jula?			"""banane"" be fɔ cogo di julakan na ?"														
80302089081	crab			gangan														
80302779672	il est avare			a tɛgɛ ka gwɛlɛ														
848a5746-4503-435d-8a05-514144b3b49c	éternelle			banbali														
899da4f4-e157-4031-8e4b-cf59702a1303	c'est dangereux	yq		farati  b'a la													43725	
8f72e15d-72e6-47bf-b99d-164b41eabc8c	danger			farati		Farati b'a la											43725	
90e182fd-80ba-4239-8438-6d2b470f93c2	bègue	yq		dagwara														
9184690720	salutation champ	bk		i ni sɛnɛ				i ni kongo									43725	essentiel salutations
9184723890	salutation cuisine	bk		i ni gwa													43725	salutations
9184759070	salutation marché	bk		i ni lɔgɔ													43725	essentiel salutations
9184791617	salutation lessive ou porter l'eau	bk		i ni kɔɔ													43725	essentiel salutations
94978d99-5e23-4c73-b7ad-bf244b68ff3e	bénir	yq	(v.)	duga														
95f2352d-13de-4565-8b50-f8428fbc3448	selon lui	yq		a ka miiriya la				alu fɛ									43725	
9783eddb-def7-4658-a22b-2995eeb440bf	conviction / point de vue	yq		fɛta													export	marked
ab344d4a-3a50-4dec-becf-7535283127e6	nuit / ténèbre / obscurité	yq		dibi														
ac0eae92-b771-4811-8705-b2cf5779f267	arranger (les choses) / régler (problème) / résoudre	yq	(v.)	ɲɛnabɔ				ɲɛ									43725	vt
b74bf067-2956-4fa7-986c-f2e5e65f127f	selon son dire	yq		a ka fɔta la													43725	marked
bc269d6a-b62a-4056-af51-489a70e2ef94	rébellion	yq		murutili														
c24330dd-ef88-4912-a8e8-213294f6de20	place	yq		yɔrɔ														
c25c5017-0b81-4201-aa10-6a33221570f8	bénédiction	yq		baraji				duga			Duba						43725	
c8e0d22b-de46-47f4-ae69-b85b49fd2a0c	du début à la fin	yq		daminɛ na fɔɔ ka taga se a laban na														
d1e9d991-45f5-43c7-9dc0-25fe9c3997a7	lumière / foudre	yq		yeelen														
daabad35-c62c-4fd9-a2c8-8103b16d21fd	complètement			pewu		Domuni bana pewu												
df14ff8f-2732-4af9-a3e7-c7102d40615f	pensée / méditation	yq		miirili				miiriya										
e506434d-e343-411c-875f-8374151055eb	il y a quelques années	yq		a saan damanin ye nin ye														
e91ab08f-b61d-4065-9a91-bedbee7e8ffe	finir / décéder	yq	(v.)	ban													43725	v vt
e9353203-9240-4112-b1a9-a6d502980c0d	SYNCDATE							sheets	anki	20200202133846	anki	20191206163149						
eace7b14-a8a0-4389-9f9d-d38750ebab6a	fleuve	yq		ba		Baji		baji									43725	
ec608b75-8247-4755-b50a-8f28d8b8f071	envie	yq	(n.)	ko		a ko be na		nege									43725	
eca7089e-dc16-4d3e-bdf1-5523895a1622	fâcher / agacer / énerver / irriter	yq		dimi				dusubɔ	is this a verb?								43725	marked
ee709b4c-c85a-4ae1-9728-5b083ae0d5e9	commencement / début	yq		daminɛ (n.)	n													
f4385255-ce4b-4369-85ec-e8ef33c0dd00	rebelle	yq		murutilen														
