-11085274429	réunion	bk		lajɛn	jl									Lajɛ	BM			
-11287133660	joie	jl 11		nagali														wt
-11287332641	serviteur / adorateur	bk		sagokɛla														wt
-15176835587	sans foi	bk		janfanci														duplicate wt
-15518782417	école de guiléad	bk		gilead lakɔli														wt
-15518899097	école pour évangélisateurs du royaume	bk		masaya waajulikɛlaw ka lakoli														wt
-15522069116	char de jehovah	bk		jehova ka wotoro														wt
-16124033849	comité de filiale	jl 22		tɔnbolo ka kɔmité														wt
-18714818564	proclamateur	jl 13		weleweledala				wajulikɛla										wt
-18949454284	présentation	bk		yiracogo														wt
-18949479733	culte	bk		batoli														wt
-18949490395	serviteurs	jl 2		sagokɛlaw														
-26811574427	lois principes	bk		cifɔni														wt
-27013963802	prêtre	bk		sarakalasebaga														wt
-27410134907	que jehovah te bénisse	bk		jéhovah i duga														wt
-40927278615	bible	bk		bibulu														wt
-44178618673	lecture de la bible	bk		bibulu kalangwɛ														wt
-4434272399	révision	jl 9		segikanni														wt
-4632780310	waa kɛmɛ ni bi segi ni looru	bk		185 000														wt
-52670184468	monde / terre	tract		duniɲa				diɲe	ABBF									
-53017499366	envoyé de dieu	bk		ala ka ciden														wt
-53017833927	commandement	jl 16		cii														wt
-53017885414	gloire	bk		nɔɔrɔ														wt
-53018127491	chapitre	jl 9		kalansen				tilan						Tilanyɔrɔba	MLI			wt
-53018156709	esprit saint	jl 19		hakili senu														wt
-53018186881	miracle	bk		kabako														wt
-53018428141	sabbat	bk		lafiɲɛlon														wt
-53018531254	résurrection	bk		sukununi				suu kununi										wt
-53018679285	rançon	bk		kunmabɔsara														wt
-53018792198	assemblée	jl 6		kafo	jl			Jɛnkulu						jɛkulu	BM			wt
-53019012572	satan	bk		sitanɛ														wt
-53019039215	diable	bk		naafigi														wt
-53019084841	témoins de jéhovah	jl 1		jehova seerew														wt
-53020300790	enfer	bk		jahanama														wt
-53020406468	royaume de dieu	bk		ala ka masaya														wt
-53277812243	baisser	bk		suuri				sosuuri										wt
-54217186332	antenne de traduction	bk		gafew bayɛlɛma yɔrɔ														wt
-54217186336	ancien	jl 14		diinan mɔgɔkɔrɔ	jl									diinɛ maakɔrɔ	BM			wt
-54217186337	responsable itinérant	jl 17		kɔrɔsibaga tagamakɛlaw														wt
-54217186338	pionnier	jl 13		piyɔniye	jl									Tutigɛbaga	BM			wt
-54217186339	assistant ministériel	jl 16		kɔrɔsigi ciden	jl									cidenyabaara magannaw	BM			wt
-54217186340	famille du béthel	jl 21		betɛli ka denbayamɔgɔw														wt
-54217186341	béthel	jl 21		betɛli														wt
-5583657714	démon	bk		jina														wt
-55856535126	ressussiter	bk		lakunun														wt
-55856535130	éternellement	bk		kudayi														wt
-55856535132	originel			kɔrɔba														marked wt
-55856535180	paradis	jl		alijɛnɛ				alijɛnɛ										wt
-7052097941	israëlites	bk		israɛldenw														wt
-7053266987	185000	bk		waa kɛmɛ ni bi seegi ni looru														wt
-7054004510	représentant de dieu	bk		ala ka lasigidenw														wt
-7054053843	expliquer	jl 19		ɲɛfɔ														wt
-7054111008	guider	bk		ɲɛminɛ (v)	v													v wt
-8263134106	dessein	bk		sago														wt
1527665647505	ce qu'elle nous réserve	yq		a be min mara an ye														wt
1527665647507	ça ressemble à quoi ?	yq		a bɔnin be mun le ma ?														delete wt
1527665647508	qui est en droit de …	yq		a dagalen be jon ka …														wt
1527665647509	tout au long de son ministère	yq		a ka cidenyabaara kuru bɛɛ la														wt
1527665647510	son caractère généreux	yq		a ka sonni dusu														wt
1527665647511	comment a-t-il réagi ?	yq		a kɔnna k'o koo ta cogo di?														wt
1527665647512	cela ne consiste pas à ...	yq		a kɔrɔ tɛ ka…														wt
1527665647513	sans jamais renoncer	yq		a ma sɔn k'a dabila abada														wt
1527665647514	il y a plus de 2000 ans	yq		a saan 2000 ni kɔ ye nin ye														wt
1527665647515	neutralité	yq		a te sen don politiki ko la														wt
1527665647516	ne pas indisposer les gens inutilement	yq		a tɛ mɔgɔ kɔnɔ gwan gwansan														wt
1527665647517	cette personne ne manifeste pas d'intérêt	yq		a tigi m'a mako don														wt
1527665647518	rappelez aux proclamateurs	yq		a' ye weleweledalaw hakili jigi														wt
1527665647519	compagnon de travail de dieu	yq		ala ka baarakɛnyogon														wt
1527665647521	armure complète de dieu	yq		ala ka kɛlɛkɛ minenw bɛɛ														wt
1527665647523	merveilleuses promesses divines	yq		ala ka layidu cɛnyumanbaw koo														wt
1527665647524	ecole du ministère théocratique	yq		ala ka mara cidenyabaara lakɔli														wt
1527665647525	théocratie	yq		ala ka mara cogo														wt
1527665647528	royaume de dieu établi	yq		ala ka masaya sigira sen kan														wt
1527665647529	monde impie	yq		ala ɲɛsiranbali duniɲa														wt
1527665647532	instruction spirituelle	yq		alakow kalan														wt
1527665647533	nous savons parfaitement que	yq		an b'a lɔn ka gwɛ ko														wt
1527665647534	nous oublions tout le temps	yq		an be ɲinɛ tuma o tuma														wt
1527665647535	ceux qui nous observent	yq		an filɛbagaw														wt
1527665647536	notre tenue bien arrangée	yq		an ka fani doncogo ɲuman														wt
1527665647537	lors de la préparation d'un exposé	yq		an ka kalan labɛnto														wt
1527665647538	adopter le bon point de vue	yq		an ka kɛ ni miiriya ɲuman ye														wt
1527665647539	notre foi augmente	yq		an ka lanaya de dunya														wt
1527665647541	adaptons-nous	yq		an ka yɛlɛmani dɔw kɛ an yɛrɛ ka koow la														wt
1527665647542	nous sommes bien informés	yq		an kalannin lo kosɔbɛ														wt
1527665647543	en prêchant	yq		an kɛtɔ ka waajuli kɛ														wt
1527665647544	ne pas se focaliser sur nous-mêmes	yq		an man kan ka hakili sigi an ka jɔrɔ an yɛrɛ koo la														wt
1527665647546	pas coupable d'une dette de sang	yq		an tɛ mɔgɔ joli hakɛ ta														wt
1527665647547	activité intense	yq		baara gwanniman														wt
1527665647548	activité spéciale	yq		baara kɛrɛnkɛrɛnnin														wt
1527665647549	prophète de malheur	yq		balawo kibaro weleweledala														wt
1527665647550	frère inactif	yq		balima sumalen														wt
1527665647551	préposé aux territoires	yq		balimancɛ  min be kiin koow  ɲɛnabɔ														wt
1527665647552	travail profane	yq		baloɲini baara														wt
1527665647553	points faibles du pays	yq		barika tɛ jamana yɔrɔ minw na														wt
1527665647554	points forts	yq		barikamakow														wt
1527665647555	points faibles	yq		barikantanyakow														wt
1527665647556	conversation initiale	yq		baro folo														wt
1527665647558	adorateur	yq		batobaga														wt
1527665647563	adapter (s') aux gens	yq		bɛn mɔgɔw ma														wt
1527665647564	vie actuelle	yq		bi ka ɲɛnamaya														wt
1527665647565	système de chose actuel	yq		bi koow sigicogoya														wt
1527665647566	contemporain (de notre époque)	yq		bi mɔgɔ														wt
1527665647567	aujourd'hui plus que jamais	yq		bi, ka tɛmɛ sanga ni wagati  bɛɛ kan														wt
1527665647569	compréhension actuelle de la bible	yq		bibulu faamuyacogo kura														wt
1527665647570	le récit inspiré nous apprend que	yq		bibulu ka lakalita b'a fɔ an ye ko														wt
1527665647572	enseignement biblique fondamental	yq		bibulu kalansira jonjon														wt
1527665647573	dans les temps bibliques	yq		bibulu sɛbɛwagati la														wt
1527665647574	étude biblique	yq		bibulukalan														wt
1527665647575	biens matériels	jl 24		bolofɛnw														wt
1527665647577	contribuer	yq		bolomafara di														wt
1527665647578	se déverser	yq		bɔn														wt
1527665647579	boîte	yq		buwati				gongo										wt
1527665647580	apôtre	yq		ciden														wt
1527665647584	exposé n°1	yq		cii folo kalan														wt
1527665647585	dix commandements	yq		cikan tan														wt
1527665647586	message impopulaire	yq		cira min tun man di mɔgɔw ye														wt
1527665647587	prophétie	jl 7		kiraya kuma				cirakuma										wt
1527665647588	dans la dignité	yq		cogo bɛnnen na														wt
1527665647590	porte en porte	yq		da ni da la														wt
1527665647592	imperfection	yq		dafabaliya														wt
1527665647594	lors de l'examen du paragraphe	yq		dakun lajɛtɔ														wt
1527665647595	révision orale	yq		dalafoli segikanni														wt
1527665647596	entamer (entamer une conversation)	yq		daminɛ														wt
1527665647598	pionnier spécial	jl 13		dan na piyɔniye	jl									tutigɛbaga kɛrɛnkɛrɛnnenw	BM			wt
1527665647599	créature spirituelle	yq		danfɛn hakililama														wt
1527665647600	contemporain de david	yannick		daouda ka wagati mɔgɔ				daouda ka filankuru										wt
1527665647601	fils unique-engendré	yq		dencɛ kelenpɛ bangelen														wt
1527665647603	secte	yq		diinan bolo fara														wt
1527665647604	collège d'anciens	yq		diinan mɔgɔkorow jɛnkulu														wt
1527665647606	coordinateur du collège des anciens	yq		diinan mɔgɔkɔrɔw jɛnkulu ka koow labɛnbaga				diinan mɔgɔkɔrɔw ɲɛbila										wt
1527665647608	responsable de ville	yq		dugu kɔrɔsibaga														wt
1527665647609	sur la terre entière	yq		dugukolo kuru bɛɛ kan				dugukolo faan bɛɛ la										wt
1527665647610	ruine de la terre	yq		dugukolo tinyɛni														wt
1527665647611	esprit du monde	yq		duninya ka miiriya														wt
1527665647612	dans un monde méchant et corrompu	yq		duniɲa juguman tolinen kɔnɔ														wt
1527665647613	puissance mondiale	yq		duniɲa ka jamana fangatigi														wt
1527665647614	souverain de l'univers / souverain seigneur	yq		duniɲa kuru bɛɛ masaba														wt
1527665647616	contenance, capacité	yq		fahakɛ														wt
1527665647617	une tenue et une coiffure modeste	yq		fanidocogo ni kuun masiricogo dama kɛɲɛnen														wt
1527665647619	chair imparfaite	yq		farisogo dafabali														wt
1527665647620	oeuvres de la chair	yq		farisogo ka kɛwali														wt
1527665647621	désirs charnels	yq		farisogo negew														wt
1527665647622	faute grave	yq		filiba														wt
1527665647623	tabernacle	yq		finiso														wt
1527665647626	discours spécial	yq		forobakalan kɛrɛnkɛrɛn														wt
1527665647628	discours de mariage	yq		furukalan														wt
1527665647629	publication	yq		gafe														duplicate wt
1527665647630	préposé aux publications	yq		gafekow ɲɛnabobaga														wt
1527665647632	demande de publications (demande écrite)	yq		gafew nyinisɛbɛ														wt
1527665647634	inefficacité des gouvernements	yq		gofɛrɛnɛman dɛsɛbagato														wt
1527665647635	propos confidentiels	yq		gundo kumaw														wt
1527665647636	étude familiale	yq		gwakalan														wt
1527665647637	poteau de supplice	yq		gwengwe yiri														wt
1527665647642	riche nourriture spirituelle	yq		hakilimaya domuni nafamanba														wt
1527665647643	compagnie spirituelle stimulante	yq		hakilimaya jɛnnyogonya duman														wt
1527665647644	combien d'idées aborder ?	yq		hakilinata hakɛ juman ta ?														wt
1527665647646	éclaircir un point	yq		hakilinata koro yira ka gwɛ														wt
1527665647647	même lorsque la situation semble désespérée	yq		hali ni koow be i n'a fɔ jigisɛmɛ yɔrɔ tɛ yen														wt
1527665647648	assurez-vous que la chambre est propre et nette	yq		i k'i janto k'a filɛ n'i sibon saniyalen be ani a ladonnen be														wt
1527665647649	donner à jéhovah le meilleur	yq		i k'i seko fisaman kɛ jehova ma														wt
1527665647650	noter les points qui s'appliquent à toi	yq		i ka hakilinataw sɛbɛ, minw ɲɛsinna i ma														wt
1527665647652	ne pas s'écarter des lois	yq		i kana mabɔ sariyaw la														wt
1527665647653	objectif personnel	yq		i togola lanyinita														wt
1527665647656	réponse imprimée	yq		jaabili sɛbɛnen														wt
1527665647657	source d'encouragement	yq		jagwɛlɛya sababu														wt
1527665647659	accusé faussement	yq		jalaki gwansan														wt
1527665647660	peuple élu	yq		jama sugandilen														wt
1527665647661	efficace	yq		min be sanga sɔrɔ				bɛrɛbɛrɛ										wt
1527665647662	grande foule	yq		jamakuluba														wt
1527665647664	se retirer	yq		jara														wt
1527665647665	jéhovah désire le meilleur de nous -mêmes	yq		jehova be an seko fisaman lo fɛ														wt
1527665647666	jéhovah sera avec nous	yq		jehova bena kɛ an fɛ														wt
1527665647668	jéhovah mérite d'être loué	yq		jehova ka kan ni tandoli ye														wt
1527665647671	jéhovah a décrété que	yq		jehova y'a latigɛ ko														wt
1527665647674	se réunir avec ceux que nous aimons	yq		jɛn n'an diyanye mɔgɔw ye														wt
1527665647675	saine compagnie	yq		jɛnnyogonya nyuman														wt
1527665647678	améliorer sa personnalité	yq		jogo yɛlɛma														wt
1527665647681	transgresseur	yq		jurumukɛla														wt
1527665647686	nourrir le cœur	yq		k'an dusukun balo														wt
1527665647687	nous inciter	yq		k'an lasun														wt
1527665647688	donner notre meilleur	yq		k'an seko fisaman kɛ														wt
1527665647689	résister aux tentations	yq		k'an yɛrɛ lafasa kɔrɔbɔliw ma														wt
1527665647690	se comparer aux autres	yq		k'an yɛrɛ suma ni mɔgɔw wɛrɛw ye														wt
1527665647691	revêtir un corps humain	yq		ka adamaden cogoya ta														wt
1527665647692	respecter les normes divines	yq		ka ala ka siraw labato														wt
1527665647693	refuser une transfusion de sang	yq		ka ban ka joli don an fari la														wt
1527665647694	parler d'un sujet d'intérêt local	yq		ka baro dabɔ kiin kɔnɔ koo do kan														wt
1527665647695	améliorer nos conversations	yq		ka baro kɛcogo fisaya														wt
1527665647696	succomber aux tentations	yq		ka ben kɔrɔboliw na														wt
1527665647697	apprendre des textes bibliques	yq		ka bibulusenw degi k'u lɔn														wt
1527665647698	collaborer avec les anciens	yq		ka bolo di diinan mɔgɔkorow ma														wt
1527665647700	ecourter poliment la conversation	yq		ka daan sigi o baro la ni bonya ye														wt
1527665647701	cultiver de bonnes habitudes	yq		ka degi delinanko ɲumanw na														wt
1527665647702	toucher le cœur	yq		ka dusu sɔrɔ														wt
1527665647703	développer nos facultés de perception	yq		ka faamuyali hakili bonya														wt
1527665647704	porter une tenue raisonnable	yq		ka fani kɛɲɛnen don														wt
1527665647705	séances d'excercice	yq		ka gafe yiracogo degi														wt
1527665647706	excommunier	yq		ka gwɛn ka bɔ kafo kɔnɔ														wt
1527665647708	réponse claire	yq		ka jaabili soro min gwɛnen be														wt
1527665647709	tenir compte de ses limites	yq		ka janto a ka faamuyali danyoro la														wt
1527665647710	faire attention à son enseignement	yq		ka janto mɔgɔw kalanni na														wt
1527665647714	se chercher des excuses	yq		ka joo di an yɛrɛ ma														wt
1527665647715	améliorer la qualité de la voix	yq		ka kaan cogo fisaya														wt
1527665647716	enseigner avec simplicité	yq		ka kalan cogo nɔgɔman na														wt
1527665647717	commencer une étude  dès le premier contact	yq		ka kalan daminɛ ɲɔgɔnye fɔlɔ la														wt
1527665647718	tirer leçon	yq		ka kalan sɔrɔ														wt
1527665647719	assumer les responsabilités chrétiennes	yq		ka kerecɛnya kunkanbaaraw dafa														wt
1527665647720	axer sa vie / prioritize	yq		ka kɛ a ɲɛnako fɔlɔ ya														wt
1527665647722	commander (passer commande)	yq		ka komandi kɛ														wt
1527665647723	rester équilibré	yq		ka koo kɛ k'a dama kɛnyɛ														wt
1527665647724	croître spirituellement	yq		ka kɔgɔ alako ta fan fɛ														wt
1527665647725	anticiper les objections	yq		ka kɔn k'i yɛrɛ labɛn sɔsɔliw koo la														wt
1527665647726	avant notre ère	yq		ka kɔn krista tile ɲɛ														wt
1527665647727	demander des congés	yq		ka kɔnze deli														wt
1527665647728	surveiller correctement	yq		ka kɔrɔsi ka ɲɛ														wt
1527665647729	pause appropriée	yq		ka kuma ka lɔ cogo bɛnnen na														wt
1527665647730	s'agenouiller	yq		ka kunbiri gwan duguma														wt
1527665647731	se réveiller de la mort	yq		ka kunu ka bɔ saya la														wt
1527665647732	se fixer personnellement des objectifs	yq		ka lanyinitaw latigɛ u yɛrɛw ye														wt
1527665647733	se fixer l'objectif d'être	yq		ka laɲini ka kɛ … ye														wt
1527665647734	eveiller la curiosité	yq		ka lasun u ka ɲiningali kɛ														wt
1527665647735	tenir ferme contre le diable et les démons	yq		ka lo ka nyɛ ka sitanɛ ni jinaw kunbɛn														wt
1527665647737	susciter la conversation	yq		ka mɔgɔ lasun a k'a daa don an ka baro la														wt
1527665647738	enseigner sans oublier que le temps presse	yq		ka mɔgɔ kalan ni kɔrɔtɔ miiriya ye														wt
1527665647739	tirer profit	yq		ka nafa sɔrɔ														wt
1527665647740	calomnier jéhovah			ka nafigiya kɛ jehova la														wt
1527665647741	amasser des trésors sur la terre	yq		ka nafolo lajɛn dugukolo kan														wt
1527665647742	offrandes en faveur de l'œuvre mondiale	yq		ka nili kɛ duniɲa kuru bɛɛ kama														wt
1527665647743	donner avec joie	yq		ka nili kɛ ni diyanye ye														wt
1527665647744	repentir sincère	yq		ka nimisa sɔbɛ la														wt
1527665647746	mener une vie simple	yq		ka ɲɛnamaya kɛ cogo nɔgɔman na														wt
1527665647747	vivre dans l'attachement à dieu	yq		ka ɲɛnamaya kɛ k'an masirilen to ala la														wt
1527665647748	changer de mode de vie	yq		ka ɲɛnamaya kɛcogo yɛlɛma														wt
1527665647750	soigneusement nettoyé avant l'heure	yq		ka saniya konyuman ka kɔn lɛri nyɛ														wt
1527665647751	surmonter les obstacles	yq		ka see sɔrɔ baliw kan														wt
1527665647752	participer à une forme du ministère	yq		ka seen don cidenya baara faan dɔ la														wt
1527665647753	faire notre maximum	yq		ka seko bɛɛ kɛ														wt
1527665647754	prendre note succinctement	yq		ka sɛbɛ ka surunya														wt
1527665647755	ajouter du poids à nos paroles	yq		ka sinsin an ka kumaw kan														wt
1527665647756	nous affiner	yq		ka soon kolon bo an na														wt
1527665647757	s'appliquer à connaître la parole de dieu	yq		ka sɔbɛ don ka ala ka kuma kalan														wt
1527665647758	soulever une objection	yq		ka sɔsɔli lawuli														wt
1527665647759	aller à un rendez-vous	yq		ka taa nyogonye do la														wt
1527665647760	aller là où le besoin est grand	yq		ka taga sigi yɔrɔ min na makoyaba be yen														wt
1527665647761	éviter les pièges	yq		k'a yɛrɛ tanga jaan dow ma														wt
1527665647762	payer les frais de transport	yq		ka taransipɔri musakaw sara														wt
1527665647763	saisir les occasions propices	yq		ka tɛmɛ cogoya ɲumanw fɛ														wt
1527665647765	prêcher librement	yq		ka waajuli kɛ ɲɛsuma na														wt
1527665647766	réserver du temps	yq		ka wagati latigɛ														wt
1527665647771	besoin de la assemblée	yq		kafo ka mako														wt
1527665647772	membre de la assemblée	jl 15		kafoden														wt
1527665647774	responsable de circonscription	jl 17		kafokulu kɔrɔsibaga	jl									kafo lakɔlɔsibagaw	BM			wt
1527665647775	comment remplir le formulaire	yq		kafolisɛbɛ dafacogo														wt
1527665647776	immoralité	yq		kakalaya														wt
1527665647777	après chaque exposé	yq		kalan kelen-kelen banni kɔ														wt
1527665647778	orateur	yq		kalan kɛbaga				forobakalan dibaga										wt
1527665647779	développement logique	yq		kalan kɛcogo tilenna														wt
1527665647780	discours et discussions	yq		kalan ni baro														wt
1527665647781	environ 5000 nouveaux disciples	yq		kalanden kura 5000 nyogon														wt
1527665647782	publications d'étude	yq		kalankɛ  gafew														wt
1527665647783	symposium	yq		kalankulu														wt
1527665647784	exposé suivant	yq		kalansen nɔfɛta														wt
1527665647786	fils de la désobéissance	yq		kan bilali denw														wt
1527665647787	campagne spéciale	yq		kanpaɲi kɛrɛnkɛrɛn														wt
1527665647788	bonté de cœur	yq		kanuya kantigiman														wt
1527665647789	son amour influence toutes ses actions	yq		kanuya lo b'a lasun a ka kɛtaw bɛɛ la														wt
1527665647790	étude individuelle	yq		kelenna kalan														wt
1527665647791	frères chrétiens	yq		kerecɛn balimaw														wt
1527665647792	ministre chrétien	yq		kerecɛn ciden														wt
1527665647793	chrétien célibataire	yq		kerecɛn furubali														wt
1527665647794	chrétien marié	yq		kerecɛn furulen														wt
1527665647795	compagnons chrétiens	yq		kerecɛnɲɔgɔnw														wt
1527665647796	réunion chrétienne	yq		kerecɛnya lajɛn														wt
1527665647798	char de guerre	yq		kɛlɛkɛwotoro														wt
1527665647799	lumière brillante (vérité)	yq		kɛnɛyeelen														wt
1527665647800	temple	yq		batosoba														wt
1527665647801	bonne nouvelle	jl 12		kibaro diiman										Kibaro duman	BM			wt
1527665647802	bonne nouvelle éternelle	yq		kibaru duman banbali														wt
1527665647804	territoire / quartier	yq		kiin														alasane wt
1527665647805	territoire souvent parcouru	yq		kiin boli-boli siɲɛ caaman														wt
1527665647807	christ	yq		kirista														wt
1527665647810	séparer de babylone la grande	yq		ko an faranna ka bo babilonɛba la														wt
1527665647812	compte tenu du temps imparti	yq		komi wagati daan tigɛra														wt
1527665647813	vérifions les choses les plus importantes	yq		koo minw kɔrɔtanin lo ka tɛmɛ tɔɔw kan, aw k'olu faranfasi														wt
1527665647814	système de choses	yq		koo sigi cogoya				diɲɛ										wt
1527665647816	collège central	jl 20		koow ɲɛnabɔla jɛnkulu	jl									Ɲɛmɔgɔ kulu	BM			wt
1527665647818	tentation	yq		kɔrɔboli														wt
1527665647821	assistant ministériel expérimenté	yq		kɔrɔsigi ciden setigi														wt
1527665647824	en cas d'urgence	yq		kɔrɔtɔkow kosɔn														wt
1527665647828	service à plein temps	yq		kudayi cidenya baara														wt
1527665647829	pionnier permanent	jl 13		kudayi piyoniye										tutigɛbaga basigilenw	BM			wt
1527665647830	technique oratoire	yq		kumacogo fɛɛrɛ														wt
1527665647831	prière de conclusion	yq		kuncɛli delili														wt
1527665647832	de nouveaux sommets ont été atteints	yq		kunkɔrɔta kura caaman sɔrɔla														wt
1527665647836	communication spéciale	yq		kunnafoni kɛrɛnkɛrɛn														wt
1527665647838	trébucher (spirituellement)	yq		kunnatiɲɛ														wt
1527665647839	souveraineté	yq		kuntigiya				sebagaya			Masabaya							wt
1527665647841	organisation	jl 19		ɔriganisasiyɔn				ɔriganisasiyɔn										wt
1527665647844	lors de la réunion	yq		lajɛn kɛto														wt
1527665647845	lieux de culte	yq		lajɛn kɛyɔrɔw														wt
1527665647846	fronde / lance-pierre	yq		bɛrɛbonna														wt
1527665647847	salle d'assemblées	yq		lajɛnba boonw														wt
1527665647848	responsable de l'école	yq		lakoli kɔrɔsibaga														wt
1527665647851	compagnon de chambre	yq		lamɔgɔ														wt
1527665647852	foi (sans)	yq		lanabaliya														wt
1527665647854	foi solide	yq		lanaya barikaman														wt
1527665647855	foi naissante	yq		lanaya kura														wt
1527665647857	terre promise	yq		layidu jamana														wt
1527665647858	arche (de l'alliance)	yq		layidu waganden														wt
1527665647859	semaine spéciale	yq		lɔgɔkun kɛrɛnkɛrɛnnin														wt
1527665647860	jéhovah est humble	yq		majigilenya be jehova la (si sentiment, qualité, partie du corps : be … la)														wt
1527665647861	chez les personnes intéressées	yq		makodon mɔgɔw fɛ														wt
1527665647862	ne doit pas durer plus de	yq		man kan ka mɛɛn ka tɛmɛ … kan														wt
1527665647863	codirigeant	yq		marakɛɲɔgɔn														wt
1527665647865	salle du royaume	jl 15		masaya boon	jl									Massaya So	BM	Masaya So		wt
1527665647866	ministère du royaume	yq		masaya cidenyabaara														wt
1527665647870	repas du seigneur	yq		matigi ka surafana seli														wt
1527665647872	attitude mentale	yq		miiriya cogo														wt
1527665647873	offre du mois	yq		min be di kalo la														wt
1527665647874	qui convienne	yq		min dagalen be														wt
1527665647875	qui mérite toute notre attention	yq		min ka kan ka ta sɔbɛ la														wt
1527665647876	trop décontracté	yq		min labilanen lo kojugu														wt
1527665647877	qui correspond	yq		min nyɛsinna														wt
1527665647878	qui est indécent	yq		min tɛ mɔgɔ sutara														wt
1527665647879	qui est excentrique	yq		min waganen lo kojugu														wt
1527665647880	ceux dont la situation ressemble à la nôtre	yq		minw be an ka cogoya ɲɔgɔn kɔnɔ														wt
1527665647881	qui correspondent le mieux à leurs besoins	yq		minw be u makow ɲɛ cogo fisaman na														wt
1527665647882	ceux qui ont grandi dans un foyer chrétien	yq		minw lamɔna kerecɛnya denbaya kɔnɔ														wt
1527665647883	sujet de préoccupation	yq		mɔgɔ be hami koo min koson														wt
1527665647884	membres du service accueil	yq		mɔgɔ kunbɛnbagaw														wt
1527665647885	beaucoup écoutent plus attentivement	yq		mɔgɔw b'u tulo malo														wt
1527665647886	préposé à l'accueil	yq		mɔgɔ kunbɛnbaga														wt
1527665647887	peuple particulier	yq		mɔgɔ ɲɛnatɔmɔnin														wt
1527665647888	cela ne passe pas inaperçu	yq		mɔgɔ wɛrɛw b'a kɔrɔsi														wt
1527665647889	centres d'intérêt des gens	yq		mɔgɔw ka makoyaw														wt
1527665647890	qu'est-ce que cela requiert de nous?	yq		mun lo ɲininen be an fɛ do ?														wt
1527665647891	pourquoi tolère-t-il autant de souffrances ?	yq		mun na a b'a to tɔɔrɔ be caya ten ?														wt
1527665647894	apostat	yq		murutilen														wt
1527665647895	quand nous sommes occupés dans le service	yq		n'an bolo degunnen be alakow la														wt
1527665647897	bienfait durable	yq		nafa bɛrɛbɛrɛ														wt
1527665647898	j'ai ma propre religion	yq		ne be diinan dɔ la ka ban														wt
1527665647899	ça ne m'intéresse pas	yq		ne mako t'a la														wt
1527665647901	tact	yq		nɛmɛnɛmɛ														wt
1527665647902	la fin de la fausse religion est proche	yq		ngalon diinan laban ka surun														wt
1527665647903	si une personne manifeste de l'intérêt	yq		ni mɔgɔ do y'a mako don an ka baro la														wt
1527665647904	dans la mesure du temps disponible	yq		ni wagati be yen														wt
1527665647905	offrande	jl 24		jaka minɛ														wt
1527665647908	repentir (se)	yq		nimisa fɛn la														wt
1527665647909	repentance	yq		nimisali														wt
1527665647910	cela donne vraiment à réfléchir	yq		nin b'an lasun ka miiri sɔbɛ la														wt
1527665647911	cette information est importante car …	yq		nin kunnafoni korotalen be sabu …														wt
1527665647914	service joyeux	yq		nyagali baara														wt
1527665647915	espérance de la vie éternelle	yq		nyɛnamaya banbali jigi														wt
1527665647918	président (d'une réunion)	yq		ɲɛminɛbaga				barokuntigi			Kalankɛla ɲɛbila							wt
1527665647919	réunion récréative	yq		ɲɛnagɛw lajɛn				tulonkɛ lajɛn			Ɲɛnagɛw ɲɔgɔnye							wt
1527665647920	éveiller l'intérêt	yq		ɲɛnatigɛ				ka hakili sama										wt
1527665647921	question subsidiaire	yq		ɲiningali wɛrɛ														wt
1527665647922	esprit de compétition	yq		ɲɔgɔndan miiriya														wt
1527665647924	bonté mal placée	yq		ɲumaya min man kan				ɲumaya min a dagalen tɛ										wt
1527665647925	cela prouve que	yq		o b'a yira ka gwɛ ko														wt
1527665647926	cela arrivera de notre vivant	yq		o bena kɛ k'an to sii la														wt
1527665647927	de tels sacrifices	yq		o bonyogonko sarakaw														wt
1527665647928	un article l'a poussé	yq		o kalan y'a lasun														wt
1527665647929	cette femme n'a jamais manqué une réunion	yq		o muso ma fɔn lajɛn si la														wt
1527665647930	ce genre de questions	yq		o ɲiningali ɲogonw														wt
1527665647931	pas le moment de flâner	yq		o tɛ saliya wagati ye														wt
1527665647932	cela l'affermi en vue des épreuves à endurer	yq		o ye a fanga don a la walisa a ka kɔrɔbɔliw muɲu														wt
1527665647933	pionnier auxiliaire	jl 13		piyɔniye kɔrɔsigi														wt
1527665647935	service de pionnier	yq		piyɔniye baara														wt
1527665647937	rapport	yq		rapoori														wt
1527665647938	texte de l'année	yq		saan ka kalankun				saan ka bibulusen										wt
1527665647939	1er siècle	yq		saan kɛmɛ folo														wt
1527665647941	autres brebis	yq		saga wɛrɛw														wt
1527665647942	petit troupeau	yq		sagakulunin														wt
1527665647947	sacrifice	yq		saraka	n													duplicate wt
1527665647948	sacrifier (à faux dieu)	yq		saraka bɔ				kɛ										wt
1527665647950	conditions à remplir	yq		saratiw ka dafa														wt
1527665647953	témoin	yq		seere				seree										wt
1527665647954	témoignage informel	yq		seereya kɛ sababu dɔ sen fɛ				sen fɛ seereya			Senfɛ sereya							wt
1527665647956	secrétaire	yq		sekeretɛri														wt
1527665647958	témoignage	jl 12		seereya														wt
1527665647959	asperger	yq		seri seri														wt
1527665647960	tract / dépliant	yq		sɛbɛnin														wt
1527665647962	divers aspects	yq		sifa faanw ka ca														wt
1527665647963	coépouse	yq		sinamuso														wt
1527665647965	site officiel	yq		site daganin														wt
1527665647966	"classe de ""l'intendant"""	yq		so kunna sigibaga jɛnkulu														wt
1527665647967	intendant	yq		sokunnasigibaga														wt
1527665647968	système de sonorisation	yq		sono juru														wt
1527665647971	société	yq		sosiyete														wt
1527665647972	ministère		(n.)	cidenya baara														wt
1527665647973	sujet controversé	yq		sɔsɔli kuma														wt
1527665647974	esprit des ancêtres	yq		sukɔrɔ														wt
1527665647978	trébucher (physiquement)	yq		talon														wt
1527665647979	des amis peu recommandables	yq		teri jugu sifaw														wt
1527665647980	premier contact	yq		tɛmɛko fɔlɔ														wt
1527665647981	assemblée de circonscription	yq		tile fila lajɛnba														wt
1527665647982	assemblée spéciale d'un jour	yq		tile kelen lajɛnba														wt
1527665647983	assemblée régional	yq		tile saba lajɛnba														wt
1527665647984	texte du jour	yq		tilera kalan				lon o lon ka miiriya										wt
1527665647988	siège national	jl 22		tɔnbolo biro	jl									tɔn bolofara	BM			wt
1527665647990	alliance	jl		layidu														wt
1527665647991	grande tribulation	yq		tɔɔrɔba														wt
1527665647992	déluge	yq		tufane jii				sanjiba										wt
1527665647993	compagnon	yq		tunɲɔgɔn														wt
1527665647994	convertir(se)	yq		tuubi														wt
1527665647995	éviter les extrêmes	yq		u waganen tɛ														wt
1527665647996	retrait volontaire	yq		u yɛrɛ mabɔ kafo la														wt
1527665647997	à cause de leur état de pécheur	yq		u yɛrɛw ka jurumutoya koson														wt
1527665647999	verset	jl 9		vɛrise							Bibulusen			fitini	MLI			wt
1527665648000	verset clé	yq		vɛrise jonjon														wt
1527665648002	devoir sacré	yq		waajibiko senuman														wt
1527665648004	quand nous prêchons	yq		waajuli kɛto														wt
1527665648005	prédication	yq		waajulibaara														wt
1527665648006	responsable au service	yq		waajulibaara kɔrɔsibaga														wt
1527665648007	année de service	yq		waajulibaara saan														wt
1527665648008	évangélisateur zélé	yq		waajulikɛla kisɛman														wt
1527665648009	le numéro de carte de territoire	yq		waajulikɛyɔrɔ karti ka nimɔrɔ														wt
1527665648010	groupes de prédication	yq		waajuliko jɛnkuluw														wt
1527665648011	réunion de service	yq		waajuliko lajɛn														wt
1527665648012	comité de service	yq		waajuliko ɲɛnabɔbagaw jɛnkulu														wt
1527665648013	temps critiques sont là	yq		wagati gwɛlɛnw sera an kun														wt
1527665648014	temps imparti	yq		wagati latigɛlen														wt
1527665648015	un autre moment de la journée	yq		wagati wɛrɛ la tile kɔnɔ														wt
1527665648016	prêcher	yq		wajuli kɛ														marked wt
1527665648017	territoire (prédication)	yq		wajulikɛ yɔrɔ														wt
1527665648018	fait (de prédication)	yq		wale														wt
1527665648021	enseignant capable	yq		weleweledala kolonbaga				weleweledala setigi										wt
1527665648023	proclamateur moins expérimenté	yq		weleweledala kura														wt
1527665648025	cette méthode est elle toujours utile ?	yq		yala o kɛcogo be sanga la hali bi wa ?														wt
1527665648026	conversion	yq		yɛlɛmani														wt
1527665648027	sacrifier (se)	yq		yɛrɛ saraka (réfléchi)														wt
1527665648028	offrande de soi	yq		yɛrɛkundili														wt
1527665648030	esprit d'indépendance	yq		yɛrɛta hakili														wt
1527665648033	psalmiste	yq		zaburu sɛbɛbaga														wt
1527665648035	ancien numéro	yq		zurunali koroman														wt
1527665648036	journée de périodiques	yq		zurunaliw dilon														wt
1527665648037	tournée de périodiques	yq		zurunaliw disira														wt
1527665648038	diffusion des périodiques	yq		zurunaliw jɛnsɛnni														wt
1528499809450	Titre			Kalankun														
1528499809451	Soyons des auditeurs et des pratiquants de la Parole de Dieu	wt		Aw kana kɛ tulogwerenw ye fewu	9													dp
1528499809452	Soyons honnêtes en paroles et en actions	wt		An ka koow kɛ ni hɔɔrɔnya ye tuma bɛɛ	10													dp
1528499809453	Faisons de Jéhovah notre confiance	wt		An k’an jigi la Jehova kan	70													dp
1528499809454	Comment rester spirituellement éveillé	wt		An be se ka to ɲɛɛ na cogo di alako ta fan fɛ?	71													dp
1528499809455	L'amour : marque distinctive de la vraie congregation chretienne	wt		Kanuya: kerecɛn sɔbɛw ka kafo be lɔn o lo fɛ	72													dp
1528499809456	Qui est qualifié pour être ministre de Dieu ?	wt		Jɔn lo ka koow dafara ka kɛ ala ka ciden ye?	81													dp marked
1528499809457	Jéhovah et Jésus Christ font-ils partie d'une trinité ?	wt		Yala Jehova ni krista ye ala tigiya saba faan dw ye wa?	82													dp
1528499809458	L'heure du jugement de la religion est arrivée	wt		Diinan kiti wagati sera	83													dp
1528499809459	Partagerons-nous le sort du monde ?	wt		Koo min bena dunia nin sr, yala aw bena kisi o ma wa?	84													dp marked
1528499809460	Une bonne nouvelle dans un monde de violence	wt		Kibaro duman, dunia fariman kan	85													dp
1528499809461	Des prieres que Dieu entend	wt		Ala be delili minw lamɛn	86													dp
1528499809462	Quelles relations entretenons-nous avec Dieu ?	wt		Jɛnɲɔgɔnya juman be aw ni ala cɛ?	87													dp
1528499809463	Pourquoi vivre en accord avec les principes de la Bible ?	wt		Mun na an ka ɲi ka ɲɛnamaya kɛ ka kɛɲɛ ni bibulu ka sariyaw ye?	88													dp
1528499809464	Venez, vous qui avez soif de vérité	wt		Tiɲɛn minnɔgɔ be aw minw na, a’ ye na!	89													dp
1528499809465	Aspirons a la vie veritable !	wt		An ka ɲɛnamaya sɔbɛ ɲini!	90													dp
1528499809466	Pourquoi avoir confiance en la Bible	wt		Fɛɛn min kama an be se k’an jigi la bibulu kan	99													dp
1528499809467	L'amitié véritable avec Dieu et avec le prochain	wt		Teriya sɔbɛ an ni ala cɛ, ani an ni an mɔgɔɲɔgɔn cɛ	100													dp marked
1528499809468	Jéhovah : le Grand Créateur	wt		Jehova: danbagaba	101													dp
1528499809469	Prestons attention a la parole prophetique	wt		An k’an janto kiraya kuma na	102													dp
1528499809470	On peut trouver la joie en servant Dieu	wt		Aw be se ka ɲagali sɔrɔ ala ka baara la	103													dp
1528499809471	Parents, bâtissez-vous avec des matériaux à l'épreuve du feu ?	wt		Bangebagaw, yala aw be lɔli kɛ ni minanw ye tasuma tɛ se ka minw jeni wa?	104													dp
1528499809472	Trouvons la consolation dans toutes nos tribulations	wt		An ka dususaalo sɔrɔ an ka tɔɔrɔw bɛɛ la	105													dp
1528499809473	Ceux qui ruinent la terre subiront le châtiment de Dieu	wt		Ala bena dugukolo tiɲɛbagaw halaki	106													dp
1528499809474	Ayons une bonne conscience dans un monde dominé par le péché	wt		An ka kɛ ni dusukun ɲuman ye duniɲa jurumutɔ kɔnɔ	107													dp
1528499809475	Ne craignons pas l'avenir	wt		An kana siran sini koow ɲɛ	108													dp
1528499809476	Le Royaume de Dieu est proche	wt		Ala ka masaya surunyana	109													dp
1528499809477	Une vie de famille heureuse : en accordant la première place a Dieu	wt		Gwa hɛɛrɛman: ni ala ka koow be bila koow bɛɛ ɲɛ	110													dp
1528499809478	La guérison des nations et ses effets	wt		Siyaw ka kɛnɛyali ani a nɔfɛ koow	111													dp
1528499809479	Comment faire preuve d'amour dans un monde d'illégalité	wt		Kanuyayiracogo duniɲa kɔnɔ min be sariya tiɲɛ	112													dp
1528499809480	Comment les jeunes peuvent-ils affronter le monde en crise ?	wt		Denmisɛnw be se ka see sɔrɔ bi gwɛlɛya kan cogo di?	113													dp
1528499809481	Apprécions les merveilles de la création de Dieu	wt		Ala ka danfɛn cɛɲumanbaw koo ka diya an ye	114													dp
1528499809482	Comment se protéger des pièges de Satan	wt		An yɛrɛ tanga cogo sitanɛ ka jaanw ma	115													dp
1528499809483	Faisons preuve de sagesse dans le choix de nos fréquentations	wt		An ka hakili sɔrɔ tagamaɲɔgɔnw sugandili la	116													dp
1528499809484	Comment vaincre le mal par le bien	wt		An be se ka see sɔrɔ juguya kan koo ɲuman fɛ cogo min na	117													dp
1528499809485	Ayons la pensée de Jéhovah sur les jeunes	wt		An ka kɛ ni jehova ka miiriyaye denmisɛnw koo la	118													dp
1528499809486	Les chrétiens se tiennent séparés du monde : Pourquoi est-ce bénéfique ?	wt		Kerecɛnw b’u yɛrɛw faran ka bɔ duniɲa ka koow la: mun nafa b’a la?	119													dp
1528499809487	Pourquoi se soumettre dès maintenant à la domination de Dieu	wt		Mun na an ka ɲi ka kolo ala ka kuntigiya ye kabini sisan	120													dp
1528499809488	Une communauté mondiale de frères sauvée du malheur	wt		Duniɲa kuru bɛɛ kɔnɔ balimaya jɛnkulu min kisira ka bɔ bɔnɛ la	121													dp
1528499809489	La paix universelle : d'ou viendra-t-elle ?	wt		Hɛɛrɛ, duniɲa kuru bɛɛ kɔnɔ: o bena bɔ min?	122													dp
1528499809490	Pourquoi les chretiens doivent être différents	wt		Mun na kerecɛnw ka kan ka kɛ daan na?	123													dp
1528499809491	Raisons de croire que Dieu est l'Auteur de la Bible	wt		Dalilu minw b’a yira ko ala lo ye bibulu tigi ye	124													dp
1528499809492	Pourquoi l'humanite a-t-elle besoin d'une rançon ?	wt		Mun na hadamadenya mako be kunmabɔsara la	125													dp
1528499809493	Qui sera sauvé ?	wt		Jɔn lo be se ka kisi?	126													dp
1528499809494	Que se passe-t-il quand on meurt ?	wt		Mun lo be kɛ n’an sara?	127													dp
1528499809495	L'enfer est-il réellement un lieu de flammes et de tourments ?	wt		Yala jahanama ye tasuma ni tɔɔrɔ yɔrɔ ye tiɲɛn na wa?	128													dp
1528499809496	La Bible enseigne-t-elle la Trinite ?	wt		Yala bibulu be kalan kɛ ko ala ye tigiya saba ye wa?	129													dp
1528499809497	La terre subsistera pour toujours	wt		Dugukolo bena to yen fɔɔ abada	130													dp
1528499809498	Le Diable existe-t-il vraiment ?	wt		Yala sitanɛ be yen tiɲɛn na wa?	131													dp
1528499809499	La victoire sur la mort grâce à la résurrection	wt		Suu kununni: see sɔrɔli lo saya kan!	132													dp
1528499809500	Les chretiens doivent-ils observer le sabbat ?	wt		Yala kerecɛnw ka kan ka lafiɲɛlon labato wa?	134													dp
1528499809501	Le caractère sacré de la vie et du sang	wt		Ɲɛnamaya ni joli ka senumanya	135													dp
1528499809502	Dieu approuve-t-il l'utilisation d'images dans le culte ?	wt		Yala ala be sɔn an ka tɛmɛ boliw fɛ ka batoli kɛ wa?	136													dp
1528499809503	Les miracles de la Bible ont-ils vraiment eu lieu ?	wt		Bibulu be kabako minw kofɔ, yala u kɛra tiɲɛn na wa?	137													dp
1528499809504	Vivons avec bon sens au sein d'un monde depravé	wt		An ka ɲɛnamaya kɛ ni hakilisigi ye kakalaya duniya kɔnɔ	138													dp
1528499809505	La sagesse divine dans un monde épris de science	wt		Ala ka hakilitigiya duniɲa kɔnɔ, lɔnnikow ye min kuun minɛ	139													dp
1528499809506	Jesus Christ : le nouveau Chef de la terre	wt		Yezu krista ye jɔn lo ye tigitigi?	140													dp
1528499809507	L'humanité gémit : jusqu'à quand ?	wt		Hadamadenya be ¿unanna: o ¿unan bena ban tuma juman?	141													dp
1528499809508	Pourquoi se réfugier en Jéhovah	wt		Mun na an ka ɲi ka jehova kɛ an ka kalifayɔrɔ ye?	142													dp
1528499809509	Ayez confiance dans le Dieu de toute consolation	wt		An k’an jigi la dusu saaloli bɛɛ tigi ala kan	143													dp
1528499809510	Une Assemblée fidèle sous la direction de Christ	wt		Kafo kantigiman, min be kirista ka kuntigiya jukɔrɔ	144													dp
1528499809511	Qui est comme Jéhovah notre Dieu ?	wt		Jɔn be i ko jehova, an ka ala?	145													dp
1528499809512	Utilisons l'instruction pour louer Jéhovah	wt		An ka baara kɛ ni kalan ye walisa ka jehova tando	146													dp
1528499809513	Ayons confiance dans la force salvatrice de Jéhovah	wt		An k’an jigi la jehova ka kisili fanga kan	147													dp
1528499809514	Avez-vous la pensée de Dieu sur la vie ?	wt		Yala aw be niin jati i ko ala b’a jati cogo min na wa?	148													dp
1528499809515	Marchez-vous avec Dieu ?	wt		Yala aw be tagamana ni ala ye wa?	149													dp
1528499809516	Voyez-vous en Dieu une personne réelle ?	wt		Yala ala ye tiɲɛn ye aw ɲɛɛ na wa?	150													dp
1528499809517	Jéhovah est « une hauteur sûre » pour son peuple	wt		Jehova ye a ka mɔgɔw ‘marabaga’ ye	151													dp
1528499809518	La bataille d'Harmaguédon : pourquoi et quand ?	wt		Harmagedɔn kɛlɛ: mun na, ani tuma juman?	152													dp
1528499809519	Gardez constamment a l'esprit le « jour redoutable »	wt		A’ ye jatigɛlon to aw hakili la tuma bɛɛ!	153													dp
1528499809520	La domination humaine : l'heure du bilan	wt		Hadamadenw ka kuntigiya kɛcogo: a jateminɛ	154													dp
1528499809521	L'heure du jugement de Babylone est-elle arrivée ?	wt		Yala babylɔnɛ kiti wagati sera wa?	155													dp
1528499809522	Le jour du jugement : un jour de terreur ou desespoir ?	wt		Kiti loon: jatigɛ loon lo wala jigiya loon lo?	156													dp
1528499809523	Les vrais chrétiens parent l'enseignement divin	wt		Kerecɛn lakikaw be ala ka kalan cɛɲumanya yira cogo min na	157													dp
1528499809524	Soyez courageux et mettez votre confiance en Jéhovah	wt		A’ ye aw jagwlɛya ka aw jigi la jehova kan	158													dp
1528499809525	Comment trouver la securite dans un monde dangereux	wt		Cogo juman na an lakanalen be se ka sigi duniɲa fariman kɔnɔ?	159													dp
1528499809526	Préservez votre identité chrétienne !	wt		An k’an ka kerecɛnya jogo tanga!	160													dp
1528499809527	Pourquoi Jésus a-t-il souffert ? Pourquoi est-il mort ?	wt		Mun na yesu tɔɔrɔla ka sa?	161													dp
1528499809528	Délivrés d’un monde de ténèbres	wt		An kunmabɔra duniɲa dibiman bolo	162													dp
1528499809529	Pourquoi craindre le vrai Dieu ?	wt		Mun na an ka ɲi ka siran tiɲɛn ala ɲɛ?	163													dp
1528499809530	Dieu est-il toujours le Souverain de la terre ?	wt		Yala ala ye dugukolo kuntigi ye hali bi wa?	164													dp
1528499809531	Affrontons l'avenir avec foi et courage	wt		An ka siniɲasigi kunbɛn ni limaniya ni jagwɛlɛyaye	166													dp
1528499809532	Agissons sagement dans un monde insensé	wt		An ka koow kɛ ni hakilitigiyaye nin duniɲa hakilintan kɔnɔ	167													dp
1528499809533	En sécurité dans un monde agité	wt		Aw lakanalen be se ka sigi duniɲa ɲagaminen nin kɔnɔ!	168													dp
1528499809534	Pourquoi se laisser guider par la Bible ?	wt		Mun na an ka ɲi k’a to bibulu b’an ɲɛminɛ?	169													dp
1528499809535	Qui est qualifié pour diriger l'humanité ?	wt		See be jɔn lo ye ka hadamadenw mara?	170													dp
1528499809536	Vivez dans la paix des a present et pour l'éternité !	wt		Aw be se ka ɲɛnamaya kɛ hɛɛrɛ la sisan, ani fɔɔ abada!	171													dp
1528499809537	Quelle réputation avez-vous aupres de Dieu ?	wt		Aw ka lɔyɔrɔ ye juman ye ala ɲɛɛ kɔrɔ?	172													dp
1528499809538	Dieu approuve-t-il une religion en particulier ?	wt		Yala ala be sɔn diinanw bɛɛ la wa?	173													dp
1528499809539	Le monde nouveau promis par Dieu : qui y sera admis ?	wt		Ala ka duniɲa kura: jɔn lo bena don yen?	174													dp
1528499809540	La Bible : un livre digne de foi	wt		Mun lo b’a yira ko bibulu ye kitabu lakika ye?	175													dp
1528499809541	La paix et la sécurité véritables : quand ?	wt		Hɛɛrɛ ni lafiya sɔbɛ: o bena sɔrɔ tuma juman?	176													dp
1528499809542	Ou trouver de l'aide dans les temps de détresse ?	wt		I be se ka dm sr min tr wagati la?	177													dp
1528499809543	Marchez dans la voie de l'intégrité	wt		An ka kantigiya sira tagama	178													dp
1528499809544	Rejetez les illusions du monde; poursuivez les réalités du Royaume	wt		An ka ban duniɲa ka lafililikow ma ani an ka tugu masaya ka tiɲɛnkow kɔ	179													dp
1528499809545	Pourquoi croire en la résurrection ?	wt		Sukununi: mun na o ka kan ka kɛ jigiya sɔbɛ ye aw fɛ?	180													dp
1528499809546	Est-il plus tard que vous ne le pensez ?	wt		Kɔni duniɲa laban wagati tɛna bari aw la dɛ?	181													dp
1528499809547	Ce que le Royaume de Dieu fait pour nous dès maintenant	wt		Ala ka masaya be min ɲɛna an ye kabini sisan yɛrɛ	182													dp
1528499809548	Détournons les yeux de ce qui ne vaut rien !	wt		A’ ye aw ɲɛɛw bɔ fɛɛn fufafuw kan!	183													dp
1528499809549	La mort est-elle la fin de tout ?	wt		Yala saya ye koo bɛɛ banni lo ye wa?	184													dp
1528499809550	La verite influence-t-elle votre vie ?	wt		Tiɲɛn be nɔɔ juman to aw kan?	185													dp
1528499809551	Unissez-vous au peuple heureux de Dieu	wt		A’ ye jɛn ni ala ka jama ye o min be hɛɛrɛ la	186													dp
1528499809552	Pourquoi un Dieu d'amour permet-il la méchanceté ?	wt		Mun na kanutigi ala b’a to tɔɔrɔw be kɛ?	187													dp
1528499809553	Placez-vous votre confiance en Jéhovah ?	wt		Yala aw jigi lanin be jehova lo kan wa?	188													dp
1528499809554	Marcher avec Dieu procure des bienfaits, maintenant et pour toujours	wt		Minw be tagama ni ala ye, u be duga sɔrɔ a la sisan yɛrɛ ani fɔɔ abada	189													dp
1528499809555	La promesse d'un bonheur familial parfait	wt		Layidu: hɛɛrɛ dafanin koo la denbaya kɔnɔ	190													dp
1528499809556	Comment l'amour et la foi peuvent vaincre le monde	wt		Kanuya ni limaniya b’an dɛmɛ ka see sɔrɔ duniɲa kan cogo di?	191													dp
1528499809557	Marchez-vous sur la route qui mène à la vie éternelle ?	wt		Yala i be ɲɛnamaya banbali sira kan wa?	192													dp
1528499809558	Delivrés de la detresse	wt		Kisili, duniɲa ka tɔɔrɔba wagati la	193													dp
1528499809559	montrons notre reconnaissance pour ce que christ a fait pour nous	wt		krista ye min kɛ aw ye, aw k’a waleɲuman lɔn o kɔsɔn!														dp
1529143433510	egypte	yq		misira				Ezipti					 					geo
1529244629184	ambiance chaleureuse	yq		jɛnɲɔgɔnya teriman														wt
1529244629185	ambitieux	yq		dusutigi							Min te yɛrɛ dan lɔn							wt
1529244629186	arche	yq		waganden														wt
1529244629187	auteur de la famille	yq		denbaya jusigibaga														wt
1529244629188	avec franchise	yq		ni kɔnɔgwɛ ye														wt
1529244629189	avec habileté	yq		...ni hakili diya ye														wt
1529244629190	ivrognerie	yq		dɔrɔtɔya							Dɔlɔtɔya							wt
1529244629192	diriger son regard vers	yq		ɲɛsin fɛn ma														marked wt
1529599765311	vie	jl		ɲenamaya														
1529599765312	vrai disciple	jl		kalanden sɔbɛ														
1529599765314	enseignement véridique	jl		kalan tigitigi														
1529599765316	vrai enseignement	jl		kalan lakika														
1529599765317	vraie foi	jl		limaniya lakika														
1529599765318	bon père	jl		faa ɲuman														
1529599765319	père céleste	jl		sankolo faa				sankolola faa										
1529599765320	paix éternelle	jl		hɛɛrɛ banbali														
1529599765321	créateur	jl		danbaga														
1529599765322	monde nouveau	jl		dugukolo kuru														
1529599765323	culte pur de jéhovah	jl		jehova ka batoli saniman														
1529599765324	amour	jl		kanuya														duplicate
1529599765326	croyances	jl 1		lannakow														
1529599765327	principes bibliques	jl 1		bibulu ka sariyaw				bibulu ka sariyakolow	wt 2018/10									
1529599765328	valeurs de dieu	jl 1		ala ka fɔtaw														
1529599765329	honnête	jl 1		hɔɔrɔnw														
1529599765332	digne, libre	jl 1		hɔɔrɔn														
1529599765333	faiblesse	jl 1		barikantanya														
1529599765335	étudiants de la bible	jl 2		bibulu kalendenw														
1529599765336	des siècles	jl 2		saan kɛmɛ-kɛmɛ														
1529599765337	tribunal	jl 2		kititigɛso														
1529599765338	innocent	jl 2		jalakibali														
1529599765339	vérité	jl 2		tiɲɛn														
1529599765340	témoin fidèle et véridique	jl 2		seere tilennin tigitigi														
1529599765341	étudiant sérieux	jl 2		kalenden sɔbɛ														
1529599765342	enseignant	jl 3		karamɔgɔ														duplicate
1529599765343	menteur	jl 3		ngalontigɛla														
1529599765344	premiers chrétiens	jl 3		kerencɛn fɔlɔw														
1529599765345	idées non chrétiennes	jl 3		kafiriyakow														
1529599765347	vrai	jl 3		lakika														marked
1529599765349	passage de la bible	jl 3		bibulusen														
1529599765350	compréhension	jl 3		famuyali														
1529599765351	espoir de la résurection	jl 3		sukununi jigiya														
1529599765352	fausse croyance	jl 3		ngalon lannako														
1529599765353	traduction de la bible	jl 4		bibulu bayɛlɛmani														
1529599765354	authentique / vrai	jl 4		tigitigi				lakika										duplicate
1529599765355	manuscrits	jl 4		bibulu bololasɛbɛni														
1529599765356	hébreux	jl 4		heburukan	langue													
1529599765357	araméen	jl 4		aramekan														
1529599765358	grecque	jl 4		grɛkikan														
1529599765360	anciens manuscrits de la bible	jl 4		bibulu bololasɛbɛni kɔrɔkɔrɔw														
1529599765361	pensées de dieu	jl 4		ala ka miiriyaw														
1529599765362	habitude	jl 4		delinanko														
1529599765363	lieu de culte	jl 5		alabatoyɔrɔ														
1529599765364	réconfort	jl 5		dususalo														
1529599765368	frère	jl 5		balimacɛ														
1529599765369	soeur	jl 5		balimamuso														
1529599765370	enseignant qualifié	jl 5		karamɔgɔ setigi														
1529599765371	force	jl 5		barika (n.)														
1529599765372	prochaine réunion	jl 5		lajɛn nata														
1529599765373	acceuillir	jl 5		bisimila														
1529599765374	chaleur (humaine)	jl 5		dusudiya														
1529599765375	se réunir avec nos compagnons chrétiens	jl 6		ka jɛn n'an kerecɛnɲogow ye														
1529599765376	bénéfice	jl 6		nafa														duplicate
1529599765377	paix	jl 6		hɛɛrɛ														
1529599765380	surmonter	jl 6		ka see sɔrɔ														
1529599765381	divertissements	jl 6		ɲɛnagwɛ														
1529599765382	fréquentations	jl 6		jɛnɲɔgɔnya														
1529599765383	chant	jl 7		donkili														
1529599765384	prière	jl 7		delili														
1529599765385	bénéfique	jl 7		nafaman														
1529599765388	participer à la discussion	jl 7		daa don baro la														
1529599765389	conseil	jl 7		ladili														duplicate
1529599765390	étude biblique de la assemblée	jl 7		kafo ka bibulu kalan														
1529599765391	lecture	jl 7		kalangwɛ														
1529599765392	démonstration	jl 7		nɛyiraliw														
1529599765393	interviews	jl 7		fɛtaw														wt
1529599765394	manière de s'habiller	jl 8		fani doncogo														
1529599765395	respect de dieu	jl 8		ala ka bonya														
1529599765396	couvrir	jl 8		sutara														
1529599765398	se montrer; se glorifier	jl 8		yɛrɛ yira														
1529599765402	simple	jl 8		dama kɛɲɛnin														
1529599765403	moulant	jl 8		ferekenin														
1529599765404	sauveur	jl 8		kisibaga														
1529599765405	louer	jl 8		tanu				tando										
1529599765406	louange	jl 8		tanuli														
1529599765410	portable	jl 9		selilɛri														
1529599765411	coeur brisé	jl 9		hakili ɲagami														
1529599765413	points clés	jl 9		yɔrɔ jɔnjɔnw														
1529599765414	pensées clés	jl 9		hakilinata														
1529599765415	sous-titre / intertitre	jl 9		cɛtigɛ														wt
1529599765416	pensées importantes	jl 9		miiriya jɔnjɔnw														
1529599765417	paragraphe	jl 9		dakun														duplicate
1529599765418	expressions clés	jl 9		kumaden jɔnjɔnw														
1529599765419	commentaire	jl 9		lakalita														
1529599765420	chaque semaine	jl 9		lɔgɔkun o lɔgɔkun														
1529599765421	culte familiale	jl 10		gwa kɔnɔ batoli														
1529599765422	membres de la famille	jl 10		denbayamɔgɔw														
1529599765423	besoin	jl 10		makoya														duplicate
1529599765424	grace à	jl 10		sababu														
1529599765425	approcher de jéhovah	jl 10		magwɛrɛ jehova la														
1529599765426	conduite	jl 10		jogo														
1529599765427	acte / comportement	jl 10		kɛwale														
1529599765433	cantique / mélodie / chanson / chant	jl 10		dɔnkili														duplicate
1529599765434	boisson	jl 10		minnifɛn														
1529599765435	nourriture	jl 10		dumunifɛn														
1529599765436	moment propice	jl 10		wagati kɛrɛnkɛrɛnnin														
1529599765437	bénir	jl 10		duga	vi													v wt
1529599765439	assemblée	jl 11		lajɛnba														
1529599765440	empressement	jl 11		kɔrɔtɔ														
1529599765441	chaque année	jl 11		saan o saan														
1529599765442	fraternité	jl 11		balimaya														
1529599765443	bienfait de l'amité	jl 11		teriya diya														
1529599765445	progresser spirituellement	jl 11		ka taga ɲɛ alako ta fan fɛ														
1529599765446	grande chose	jl 11		fɛɛnba														
1529599765447	discours intéressants	jl 11		kalan diimanw														
1529599765448	moments difficiles	jl 11		wagati gwɛlɛw														
1529599765449	assemblée régionale	jl 11		tile saba lajɛnbaw														
1529599765450	contenu de la bible	jl 11		bibulu kɔnɔko														
1529599765451	baptiser	jl 11		batize														
1529599765452	prédication	jl 12		waajuli baara														
1529599765454	royaume des cieux	jl 12		sankolo masaya														
1529599765455	toutes les nations	jl 12		siyaw bɛɛ														
1529599765456	dans le monde entier	jl 12		duniɲa kuru bɛɛ kɔnɔ														
1529599765458	rendre visite à quelqu'un	jl 12		ka taga bɔ mɔgɔw ye														
1529599765459	remplir la mission	jl 12		cii dafa														
1529599765460	en tout lieux	jl 12		yɔrɔ o yɔrɔ														
1529599765461	lieux public	jl 12		foroba yɔrɔw														
1529599765463	puits	jl 12		kɔlɔnda														
1529599765464	commerces	jl 12		jagokɛyɔrɔw														
1529599765465	jardin	jl 12		zaradɛn														
1529599765467	voisins	jl 12		sigiɲɔgɔnw														
1529599765468	collègue de travail	jl 12		baarakɛɲɔgɔn														
1529599765469	camarades de classe	jl 12		lakɔli filankuruw														
1529599765471	bonne nouvelle du royaume de dieu	jl 12		ala ka masaya kibaro diiman														
1529599765472	avenir	jl 12		siniɲasigi														
1529599765473	message d'espoir	jl 12		jigiya kuma														
1529599765474	route de la vie	jl 13		kisili sira														
1529599765475	entreprendre le service de pionnier	jl 13		ka seen don piyɔniye baara la														
1529599765476	prédicateur à plein temps	jl 13		kudayi waajulikɛla														
1529599765478	d'une manière simple	jl 13		cogo nɔgɔman														
1529599765479	désespoir	jl 13		jigi tigɛ														
1529599765480	service missionnaire	jl 14		misɔndenya barra														
1529599765482	suivre les traces de jésus	jl 14		ka tagama yezu seen nɔɔ na														
1529599765483	pécheur	jl 14		jurumutɔ														
1529599765484	sacrifice de soi	jl 14		yɛrɛ saraka														
1529599765485	coutumes	jl 14		landaw														
1529599765486	climat	jl 14		wagati cogoya														
1529599765489	village	jl 14		dugudennin														
1529599765490	engin	jl 14		bolifɛn														
1529599765491	bonne formation	jl 14		fɔrɔmasɔn ɲuman														
1529599765492	école biblique de giléad	jl 14		gilead ka bibuluko lakɔli														
1529599765493	groupe	jl 14		jɛnkulu														
1529599765494	enseignant de la bible	jl 14		bibulu karamɔgɔ														
1529599765495	toute la terre	jl 14		diɲɛ faan bɛɛ														
1529599765496	assemblée chrétienne primitive	jl 15		kerecɛn kafo daminɛ														
1529599765497	mûre	jl 15		kɔgɔnin														
1529599765498	présider une assemblée	jl 15		kafo ɲɛminɛ														
1529599765499	prendre soin	jl 15		mara														
1529599765500	immuable	jl 15		diyagoya														
1529599765501	approbation	jl 15		diyanye														
1529599765502	bonne intention	jl 15		ɲaniya ɲuman														
1529599765505	berger	jl 15		sagadɛndɛla														
1529599765506	fidèle	jl 15		kantigi														marked
1529599765507	chez nous	jl 15		an ka soo														
1529599765508	gagne pain	jl 15		baloɲini barra														
1529599765510	jeune	jl 16		kanbele														
1529599765511	adulte	jl 16		baliku														
1529599765513	souhaiter la bienvenue	jl 16		ka mɔgɔw bisimila														
1529599765514	sonorisation	jl 16		sono														
1529599765515	publications	jl 16		gafew														
1529599765516	entretenir la salle du royaume	jl 16		masaya boon ladonko														
1529599765517	bon exemple	jl 16		ɲɛyirali ɲuman														
1529599765518	zèle	jl 16		kisɛya														
1529599765519	celui qui aide	jl 16		dɛmɛbaga														
1529599765520	tenir promesse	jl 16		saratiw dafa														
1529599765521	genre d'homme	jl 16		mɔgɔ sifa														marked
1529599765522	s'inquiéter	jl 17		hami														
1529599765523	centaines de kilomètres	jl 17		kilomɛtɛrɛ kɛmɛ-kɛmɛ														
1529599765524	personnes âgées	jl 17		mɔgɔkɔrɔbaw														
1529599765526	études bibliques	jl 17		bibulukalanw														
1529599765527	réunions et assemblées	jl 17		lajɛnw ni lajɛnbaw														
1529599765528	progrès	jl 17	(n.)	ɲɛtaga														wt
1529599765529	populaire (notoriété)	jl 17		ka sanga sɔrɔ														
1529599765530	les nouveaux	jl 17		mɔgɔ kuraw														
1529599765531	fidélité	jl 17		kantigiya														
1529599765533	catastrophes	jl 18		balawo														
1529599765534	si les problèmes s'abattent sur eux	jl 18		ni balawo cunna u kan														
1529599765536	une partie du monde	jl 18		duniɲa faan dɔ														
1529599765538	pagnes/habits	jl 18		faniw														
1529599765539	chambre	jl 18		layɔrɔ														
1529599765540	soins médicaux	jl 18		furakɛli														
1529599765541	comité	jl 18		kɔmite														
1529599765542	établir	jl 18		ka sigi sen kan														
1529599765543	transport	jl 18		taransipɔri														
1529599765546	le père de toute consolation	jl 18		dusu saaloli bɛɛ tigi														
1529599765548	rassurer	jl 18		jigi sigi														
1529599765550	symbole	jl 19		tagamasiɲɛ														
1529599765551	contribuer	fg	(v.)	nili			N'i b'a fɛ ka nili kɛ...	bolomafara		Ni b'a fɛ ka bolomafara di...								add
1529599765552	moment opportun	jl 19		wagati latigɛlen na														
1529599765553	vrai étudiant	jl 19		kalanden lakikaw														
1529599765555	objets matériels	jl 19		bololafɛnw														
1529599765556	vérités bibliques	jl 19		bibulu ka tiɲɛn kumaw														
1529599765557	augmenter / prospérer	jl 19		yiriwa														wt
1529599765558	chrétien oint	jl 20		kerecɛn mɔlenw														
1529599765559	basé la discussion sur la bible	jl 20		ka baro basigi bibulu ka fɔta kan														
1529599765560	parole de dieu	jl 20		ala ka kuma														
1529599765561	choses spirituelles	jl 20		alakow														
1529599765562	premier siècle	jl 20		saan kɛmɛkulu fɔlɔ														
1529599765563	commandements / instructions	jl 20		cikanw														wt
1529599765564	lettre	jl 20		lɛtɛrɛw														
1529599765565	autres moyens	jl 20		fɛɛrɛ wɛrɛw														wt
1529599765566	peuple de dieu	jl 20		ala ka jama														
1529599765567	surveiller	jl 20		kɔrɔsi														duplicate
1529599765568	confier	jl 20		kalifa														vt wt
1529599765569	guide	jl 20		ɲɛminɛ (n)	n													wt
1529599765570	lieu de travail	jl 21		baarakɛbonw														
1529599765571	siège des témoins de jéhovah	jl 21		jehovah seerew ka sigiyɔrɔsoba														
1529599765572	esprit de sacrifice	jl 21		yɛrɛsaraka hakili														
1529599765575	salle à manger	jl 21		dumunikɛ boon														
1529599765576	assainir la maison	jl 21		boon saniya														
1529599765577	repasser	jl 21		pase														
1529599765578	pression	jl 21		ɲɛɛ gwannin														
1529599765580	traducteur	jl 21		bayɛlɛmabaga														
1529599765581	fabriquer	jl 21		dilan														
1529599765583	prédication de la bonne nouvelle	jl 21		kibaro diiman waajuli baara														
1529599765585	revue	jl 22		magazɛn														
1529599765587	représentant	jl 22		lasigiden														
1529599765588	coordinateur de la filiale	jl 22		tɔnbolow kɔrɔsibagaw														
1529599765590	préparatifs de l'assemblée	jl 22		lajɛnbaw labɛn														
1529599765591	satisfaire un besoin	jl 22		mako wasa														
1529599765592	bonne façon	jl 22		cogo bɛnnin														
1529599765593	traduit	jl 23		bayɛlɛma														
1529599765594	traduire	jl 23		bayɛlɛ														
1529599765595	tous les décendants	jl 23		bɔnsɔnw bɛɛ														
1529599765596	toutes les langues	jl 23		kanw bɛɛ														
1529599765597	toutes sortes d'hommes	jl 23		mɔgɔ sifaw bɛɛ														
1529599765598	localités	jl 23		bɔyɔrɔw														
1529599765599	contenu des livres	jl 23		gafew kɔnɔkow														
1529599765602	dépenses	jl 24		musakaw														
1529599765603	répandre	jl 24		jɛnsen														
1529599765604	prendre soin de	jl 24		ladon														
1529599765605	faire des offrandes	jl 24		ka nili kɛ														
1529599765608	démuni	jl 24		dɛsɛbagatɔ														
1529599765609	obéir à jéhovah	jl 24		ka jehova bonya														
1529599765611	vrai culte	jl 25		tijɛn batoli														
1529599765612	dans le territoire	jl 25		kiin kɔnɔ														
1529599765614	nombre de assemblées	jl 25		kafow hakɛ														
1529599765615	construction	jl 25		lɔli														duplicate
1529599765617	renouveller	jl 25		lakuraya														
1529599765618	renouvellement	jl 25		lakurayali														
1529599765619	bibliothèque	jl 27		bibilotɛki														
1529599765620	lumière	jl 28		yeelen														
1529599765622	histoires bibliques	jl 28		bibulu ka maana														
1538912286696	principes bibliques	wt 2018/10		bibulu ka sariyakolow														
19411554786	sacrifice rédempteur	bk		kunmabɔ  saraka														wt
19411687406	juru sara	bk		propitiation														wt
19411739780	kisi	bk		sauver														wt
19411781712	sauver du péché et la mort	bk		ka kisi jurumu ni saya bolo														wt
20017511166	mémorial de la mort de christ	bk		krista ka saya hakilijigi lajɛn														wt
20017576005	la paque juive	bk		yahutuw ka tɛmɛnkan seli														wt
20017637158	rompre le pain	bk		ka buru kari kari														wt
20017677956	chair	bk		farisogo														wt
20017719262	vin	bk		duvɛn														wt
20017782740	valider	bk		sɛmɛtiya														wt
20017822377	levure	bk		funufen														wt
2217883563	païen	bk		kafiri														wt
2477044405	puissant	bk		sebagaya														wt
25806141398	encadré	bk		koorilen														wt
27783419414	fondé sur les écritures			a basiginen be bibulu kan														wt
27783419415	il chérissait son fils			a dencɛ ko tun ka di a ye hali														wt
27783419416	se sentir heureux			a dusu diyara														wt
27783419417	se sentir satisfait			a dusu wasara														wt
27783419418	ses manières d'agir			a ka koow kɛcɔgɔw														wt
27783419419	il parle exclusivement de			a kɔnɔnakow bɛɛ be kuma														wt
27783419420	il était disposé			a labɛnnen tun lo ka ..														wt
27783419421	il croit en …	yq		a lanen be .. na														wt
27783419422	il croyait en …	yq		a lanen tun be…na														wt
27783419423	il n'est pas intéressé.			a m'a mako don.														wt
27783419425	écrit à l'envers			a sɛbɛra ka yɛlɛma ɲɛjugu kan														wt
27783419426	elle m'est allée droit au cœur.			a sinna ka ne dusu minɛ.														wt
27783419427	il ne cherche pas ses propres intérêts			a t'a yɛrɛ nafa ɲini														wt
27783419428	il ne les lisait jamais			a tun m'u kalan ka ye														wt
27783419429	veuillez l'utiliser largement			a' ye baara kɛ n'a ye caaman														wt
27783419430	abonnement			abɔneman														wt
27783419432	ésclave fidèle et avisé	yq		jɔncɛ kantigiman hakiliman	JL								 	jɔnkɛ dannamɔgɔ hakiliman	BM			wt
27783419434	fidèle intendant de la faveur imméritée de dieu			ala ka nɛɛma nilifɛn marabaga dannamɔgɔw														wt
27783419435	obéissance à dieu			ala kanminɛli														wt
27783419436	impie			ala lɔnbali														wt
27783419437	pécheurs impies			ala ɲɛsiranbali jurumutɔw														wt
27783419438	trinité			ala sabaya														wt
27783419439	volonté de dieu / divine	jl Intro		ala sago														wt
27783419440	pensée spirituelle			alako miiriya														wt
27783419441	trésor spirituel	jl 9		lɔnniya nafolo														wt
27783419442	moisson spirituelle			alako sumatigɛ														wt
27783419443	croyant			alalɔnbaga														wt
27783419444	elle l'adopta comme son fils			ale y'a kɛ a yɛrɛ dencɛ ye														wt
27783419446	scène du paradis			alijɛnɛ bisigi														wt
27783419447	soyons déterminés à écouter			an k'an cɛsiri k'a lamɛn														wt
27783419448	conjuguons nos efforts			an ka jɛn k'an jija ka …														wt
27783419449	séparons-nous			an ka mabɔ ɲɔgɔnna														wt
27783419450	soyons souples			an ka magaya														wt
27783419451	continuons d'attendre jéhovah			an ka to ka jehova makɔnɔ														wt
27783419452	parcourons entièrement le territoire			an ka waajuli kɛ  kiin kɔnɔ k'a dafa														wt
27783419453	n'en concluez pas trop rapidement			an kana koroto k'a miiri ko														wt
27783419454	notre glorieux père céleste			an sankolola faa cyɛnyumanba														wt
27783419455	abordable			an te sigasiga ka kuma a fɛ				a labilanin lo mɔgɔw kama (être abordable)										wt
27783419456	en ses propres termes			an yɛrɛ ka kumacogo la														wt
27783419457	ne vous en remettez pas au hasard			aw kana miiri ko koow bena kɛ u yɛrɛ ye														wt
27783419458	récompense merveilleuse			barajiba														wt
27783419459	force fournie			barika dilen														wt
27783419460	evènement imprévus			barinankow														wt
27783419461	entrée en matière			baro dadon kuma														wt
27783419462	bonne discussion			baro diiman														wt
27783419463	thème / sujet de conversation	jl 3		barokun				kalankun										wt
27783419464	idoles sans vie			batofɛnw ɲɛnaman tɛ														wt
27783419465	traduction			bayɛlɛmani														wt
27783419466	maltraitence des animaux			bɛgɛnw nintoro														wt
27783419467	règlement des différents			bɛnbaliyaw ɲɛnabɔko														wt
27783419468	à notre époque / de nos jours	jl 28		bi tilew la														wt
27783419470	stocker			bila				bilanin										duplicate wt
27783419471	image (sens figuré)/représentation			bisigi														wt
27783419472	idôlatrie			boli batoli														wt
27783419473	don matériel			bololafen nili														wt
27783419474	matériel (sur le plan)			bololafɛn														wt
27783419475	aide matérielle			bololafɛn dili														wt
27783419476	montants des portes			bonda yiri														wt
27783419477	généalogie / origine			buruju														wt
27783419479	pédophilie			cɛnimusoya kɛ ni denfitiniw ye														wt
27783419480	homosexualité			cɛɲɔgɔnɲini ni musoɲɔgɔnɲini koo														wt
27783419483	message / prophète			cira														wt
27783419484	message capital			cira kɔrɔtalen														wt
27783419485	faux prophète			cira ngalontigɛla														wt
27783419486	messager			ciraden														wt
27783419487	de façon méthodique (ordonnée) / logique			cogo tilennen na														wt
27783419488	frapper à une porte			daa kɔkɔ														wt
27783419489	démarrer conversation			dabɔ baro kɛ														duplicate wt
27783419490	inspirée de dieu	yq		dafiɲɛ fɛ (ala...)														wt
27783419491	quelques paragraphes			dakun damanin dɔw														wt
27783419492	nombre de paragraphes			dakun hakɛ														wt
27783419493	renier			dalacɛ														wt
27783419494	reniement			dalacɛli														wt
27783419496	emblème			dasiri														wt
27783419498	abîme			dingɛ dunba														wt
27783419499	volonté / plaisir			diyanako														wt
27783419502	recueil de cantiques			donkili gafe														wt
27783419503	réduire, manquer de respect à			dɔgɔ														wt
27783419505	bienfait			duga (n.)	n			Sara			Nafa							wt
27783419506	bénis			dugaden				Dubaden										wt
27783419507	chemise, vêtement, tunique			duloki				Dereke			Fani							wt
27783419509	domination oppresive	yq		fanga marali				Ka marali kɛ ni fanga ye										wt
27783419510	pharaon			faharuna														wt
27783419511	force irrésistible			fanga barikama														wt
27783419512	tenue vestimentaire	jl 8		sawura				Fani										duplicate wt
27783419514	faiblesse (défaut)			finyɛ														wt
27783419515	fête populaire			foroba fɛtilon														wt
27783419516	discours public / réunion publique	jl 7		forobakalan														wt
27783419517	manuel d'étude			gafe kalanta														wt
27783419518	présentation simple			gafe yiracogo nɔgɔman														wt
27783419519	écritures grecques chrétiennes			gɛrɛkikan sɛbɛninw														wt
27783419520	esprit fixé sur le royaume			hakili be sigi masaya koow kan														wt
27783419521	famine spirituelle			hakilimaya kongo														wt
27783419522	pensée essentielle / point principal	yq		hakilinata jonjon				hakilinata kunbaba										wt
27783419523	fruit de l'esprit			halkili senu deen														wt
27783419524	écritures hébraïques			heburukan sɛbɛninw														wt
27783419526	fixe toi un objectif personnel			i k'i togola lanyinita latigɛ														wt
27783419527	restons proches de l'organisation de jéhovah			i ka to jehova ka jɛnkulu kɔrɔ														wt
27783419528	assistance / foule	jl 19		jama			Fariziɲɛ minw be jama cɛma, o kumaw y’u dimi. 											wt
27783419529	situation des comptes			jateminɛw dantigɛli														wt
27783419530	créations de jéhovah			jehova ka fɛɛn danenw														wt
27783419531	brûler / consumer	yq		jeni				Jɛni										wt
27783419532	mauvaise compagnie			jɛnɲɔgɔn jugu														wt
27783419533	idôle			joo				Boli			Batofɛn							wt
27783419534	pire ennemi			juguba														wt
27783419536	laisser la parole de dieu les pousser à l'action	yq		k'a to ala ka kuma ka u lasun														wt
27783419537	faire usage de sa raison			k'a yɛrɛ hakili jagabo														wt
27783419538	compter sur jéhovah			k'an bolo la jehova kan														wt
27783419539	fixer notre esprit sur des pensées constructives			k'an nyɛɛ jolen to koo nafamanw kan														wt
27783419540	plein d'égards			k'i janto mɔgɔ la														wt
27783419541	se vouer	jl 11		yɛrɛkun di														wt
27783419542	nous observons leur environnement			k'u laminikow kɔrɔsi														wt
27783419543	remercier dieu			ka barika la ala ye				Ka Ala fo										wt
27783419544	reporter le baptême à plus tard			ka batɛmi bila wagati wɛrɛ kan				Ka batɛmi segi kɔ			Ka batɛmi bila ka suma							wt
27783419545	prendre l'initiative			ka bɔ i yɛrɛ la														wt
27783419546	productif			ka den koɲuman														wt
27783419547	partager avec d'autres			ka do bo aw bolo fɛnw la ka o di														wt
27783419548	inculquer à vos enfants			ka don aw deenw kuun na														wt
27783419549	s'exposer à un danger			ka farati bila a sen kɔrɔ														wt
27783419550	raisonner habilement à partir des écritures	yq		ka hakilijagabɔ koɲuman bibulusenw kan														wt
27783419551	s'intéresser sincèrement à autrui			ka janto ɲɔgɔn na sɔbɛ la														wt
27783419552	connaître jéhovah et le servir	yq		ka jehova lon ani ka baara kɛ a ye														wt
27783419553	louer jéhovah publiquement			ka jehova tando bɛɛ nyɛ na														wt
27783419554	resserrer ses liens avec jéhovah			ka jɛnɲɔgɔya teriman yiriwa ile ni ala cɛ														wt
27783419555	lecture publique			ka kalan gwɛ kɛ jama ɲɛ na														wt
27783419556	parler au naturel			ka kalan kɛ u yɛrɛ kuma cogo la														marked wt
27783419557	savoir lire et écrire			ka kalan ni sɛbɛri lon														wt
27783419558	être irréprochable et innocent			ka kɛ jalakibali jɛlenw ye														wt
27783419559	regarder le côté positif de la situation			ka koow jate ni nyɛɛ nyuman ye														wt
27783419560	parler de façon positive			ka kuma ɲuman fɔ														wt
27783419561	répondre à une objection			ka kuma tigɛbaga ka sɔsɔli jaabi														wt
27783419562	se prosterner			ka kunbiri gwan dɔ kɔrɔ														wt
27783419563	prendre des dispositions précises			ka labɛn kɛ ka gwɛ														wt
27783419564	prendre rendez-vous			ka labɛn kɛ ka segi ka na														wt
27783419565	prendre la meilleure décision			ka latigɛli fisaman kɛ														wt
27783419567	accueillir les visiteurs			ka lonanw bisimila														wt
27783419568	fixer un jour			ka loon kelen latigɛ														wt
27783419569	nettoyer et entretenir la salle du royaume	yq		ka masaya boon saniya ani k'a ladon														wt
27783419570	penser que les morts sont conscients			ka miiri ko mɔgɔ salenw be koow kala ma														wt
27783419571	réfléchir sérieusement à tout ce qu'il contient			ka miiri kosɔbɛ a kɔnnakow bɛɛ kan														wt
27783419572	inciter d'autres personnes			ka mɔgɔ wɛrɛw lasun														wt
27783419574	se repentir			ka nimisa														wt
27783419575	glorifier dieu			ka nɔɔrɔ la ala kan														wt
27783419576	pousser des cris de joie			ka nyagalikan bo														wt
27783419577	fixer notre attention			ka ɲɛɛ jɔ														wt
27783419578	chérir la vie			ka ɲɛnamaya jati fɛnba ye														wt
27783419580	simplifier sa vie			ka ɲɛnamaya kɛ nɔgɔman na				An k'an ɲɛnamaya kɛ nɔgɔman na										wt
27783419581	oublier jéhovah			ka ɲinɛ jehova kɔ														wt
27783419582	être réintégré			ka segi ka na														wt
27783419583	mettre en valeur			ka sin k'a yira														wt
27783419584	accentuation des mots clés			ka sinsin yɔrɔ jɔnjɔnw kan														wt
27783419585	mettre en évidence			ka sinsin… kan				Yira ka gwɛ										wt
27783419587	défendre la vérité			ka tinyɛnko lafasa														wt
27783419588	prendre position pour jéhovah			ka tugu jehova kɔ														wt
27783419589	résumer brièvement les textes longs			ka vɛrise janw kofo ka surunya														wt
27783419590	montrer sa reconnaissance			ka walenyumanlon yira														wt
27783419591	paganisme / païenne	jl		kafiriya														wt
27783419592	formulaire			kafolisɛbɛ														wt
27783419594	leçon importante			kalan nafaman														wt
27783419595	exposé constructif			kalan ɲuman														wt
27783419596	disciple			kalanden														wt
27783419597	fidélité indéfectible			kantigiya lamagabali														wt
27783419598	les armées mirent le siège sur jérusalem			kɛlɛbolow ye daga sigi jerusalem daa la														wt
27783419599	juger			kiri tigɛ ... kan														wt
27783419600	juger avec justice			kiri tigɛ cogo tilennin na														wt
27783419601	jugement (lieu du)			kiritigɛyɔrɔ														wt
27783419602	croyance	yq		lannako														wt
27783419604	activités saines			koow kɛcogo saniman														wt
27783419605	malgré l'opposition			koroboli bɛɛ n'a ta														wt
27783419606	mer rouge			kɔgɔji wulen														wt
27783419607	observateur			kɔlɔsili kɛbaga														wt
27783419608	directeur de festin			kɔɲɔko kuntigi														wt
27783419609	intronisation du christ	yq		krista sigini masa sigilan kan														wt
27783419610	fluidité de l'expression			kuma ka nɔgɔya a daa														wt
27783419611	modulation			kumakan yɛlɛma-yɛlɛma														wt
27783419612	lépreux			kunatɔ														
27783419613	idée annexe			kunnafoni do														wt
27783419614	génération			kuru				Filankuru			Wagatikelenmɔgɔw							
27783419615	sens (à la vie)			kuun														wt
27783419616	conducteur à la tour de garde			la tour de garde kalan ɲɛminɛbaga														wt
27783419617	conseiller adjoint (emt)			ladili dibaga filanan				Ladili dibaga kankɔrɔsigi										wt
27783419618	blâme			lagosili														wt
27783419619	ferme / inébranlable			lamagabali														wt
27783419620	auditeur			lamɛnnikɛla														wt
27783419621	contexte			laminiko														wt
27783419622	mariage coutumier			landa furu														wt
27783419623	objectif			lanyinita				Laɲinita										wt
27783419624	priorité			laɲinita fɔlɔ														wt
27783419625	progresser (faire)			lataga ɲɛ														wt
27783419626	manque de foi			limaniyabaliya														wt
27783419627	lecture hebdomadaire de la bible			logokun kono ka bibulu kalangwɛ														wt
27783419628	pendant un jour entier			loon kelen kuru bɛɛ														wt
27783419629	centre d'intérêt			makow														wt
27783419631	bonne nouvelle du royaume			masaya kibaro duman														wt
27783419633	idées indéniables			miiriyaw, mɔgɔ te se k'u soso														wt
27783419634	enduire			mɔ														wt
27783419635	modèle			mɔdɛli														wt
27783419636	offenser			mɔgɔ gasi tiɲɛn				Baga mɔgɔ ma										wt
27783419637	personnes sans instruction			mɔgɔ gwansan kalanbaliw														wt
27783419638	il dédaigna la comapgnie des méchants	yq		mɔgɔ juguw ka jɛnɲɔgɔnya tun ka gwo a ye														wt
27783419639	personne cultivée			mɔgɔ kalannen														wt
27783419640	personne inexpérimentée			mɔgɔ ko lɔnbali														wt
27783419641	personne d'une origine différente			mɔgɔ min bɔyɔrɔ tɛ kelen ye														wt
27783419642	protecteur			mɔgɔ tangabaga														wt
27783419643	oints (chrétiens)			mɔnlenw														wt
27783419644	supporter / endurer	bk		muɲuli kɛ	v	A ka muɲuli kɛ												v vt wt
27783419645	quand c'est approprié			n'a bɛnnen be														wt
27783419646	quand vous reviendrez			n'an segira ka na														wt
27783419647	quand tu seras grand			n'i kɔrɔbayara														wt
27783419648	matérialiste			nafolo kanuya b'a la														wt
27783419649	trésor inestimable			nafolo nafamanba														wt
27783419651	je ne m'intéresse pas aux témoins de jéhovah	yq		ne mako tɛ jehova seerew la														wt
27783419652	privilège			nɛɛma														wt
27783419653	faux dieux	jl 2		ngalon alaw														wt
27783419654	fausse religion			ngalon diinan														wt
27783419655	si les circonstances le permettent			ni koow cogoya bɛnnen be														wt
27783419656	presque tout le monde apprécie			ni mɔgɔ kelen-kelen tɛ , a ka di bɛɛ ye ka														wt
27783419657	si un autre est disponible			ni mɔgɔ wɛrɛ labilanen lo														wt
27783419658	au bord du nil			nili bada la														wt
27783419659	parabole			ntalen														wt
27783419660	donner un proverbe			ntalen la														wt
27783419661	exemple remarquable			nyɛyirali cɛnyumanba														wt
27783419662	fixer du regard			ɲɛɛ jɔlen to														wt
27783419663	progrès sensibles (notables)			ɲɛtaga bɛrɛ kɛ														wt
27783419664	progresser			taga ɲa		<div><div>Ka taga ɲɛ Alako ta fan fɛ</div></div>		ɲɛtaga kɛ&nbsp;&nbsp;										wt
27783419665	volonté			ŋaniya														wt
27783419666	murmurer			ŋunuŋunu				Dajukɔrɔ kuma fɔ										wt
27783419667	murmure			ŋunuŋunukan														wt
27783419668	jamais vu chose semblable			o koɲɔgɔn tun ma deli ka ye abada														wt
27783419669	elles ne sont pas autorisées à l'assemblée			o ma daga lajɛnba yɔrɔ la														wt
27783419670	programme			porogramu														wt
27783419671	possibilité unique			sababuba														wt
27783419672	nuée			sankaba														wt
27783419673	père céleste plein d'amour			sankolola faa kanutigi														wt
27783419674	payer / récompenser	kodi		sara														wt
27783419675	principe élevé			sariyakolo kɔrɔtalen														wt
27783419677	saint / sain / pur	jl 4		senuman				Senu										wt
27783419680	vérification			sɛgɛsɛgɛri														wt
27783419681	réservation des sièges			sigiyɔrɔ marali														wt
27783419682	sur les trottoirs			siradaw la														wt
27783419683	maintenant que tu as grandi			sisan, komi i kɔrɔbayara														wt
27783419684	accepter revue			sɔn zurunali la				fɛn la										wt
27783419685	objection / dispute			sɔsɔli				Kuma tigbaga										wt
27783419686	approcher s' (temps)			surunyalen														wt
27783419687	métaphore			tagamasinyɛ														wt
27783419688	prendre plaisir			timinandiya														wt
27783419689	surélévation / estrade			tintin														wt
27783419690	le seul vrai dieu	yq		tiɲɛn ala kelenpe														wt
27783419691	en avoir conscience ou non			u b'a kala ma wo, u t'a kala ma wo														wt
27783419692	ils pensent qu'ils ne sont pas qualifiés pour			u b'a miiri ko see t'u ye ka														wt
27783419694	les attaquer par surprise			u taga cun u kan														wt
27783419695	nouvelle visite			viziti kura														wt
27783419696	il est indispensable			waajibi lo														wt
27783419697	autre nécessité			waajibiko wɛrɛ														wt
27783419698	graphique chronologique			wagati jateminɛcogo jaa														wt
27783419699	fait marquant			waleba														wt
27783419700	afin de se rétablir spirituellement			walisa a ka segi ka fanga sɔrɔ alako ta fan fɛ														wt
27783419701	pour ajouter du poids à nos paroles			walisa ka sinsin an ka kumaw kan														wt
27783419702	feuille d'invitation			weelesɛbɛ														wt
27783419703	proclamer			weleweleda														wt
27783419704	proclamateur expérimenté			weleweledala kolɔnbaga														wt
27783419705	vous êtes-vous jamais demandé			yala i delila k'i yɛrɛ ɲiniga ni…														wt
27783419706	êtes-vous prêts à faire votre choix ?			yala i labɛnnen be k'o latigɛ wa ?														wt
27783419709	présence de jésus			yɛsu be yan wagati														wt
27783419710	méthode souple			yiracogo magaman				Yiracogo nogoman										wt
27783419711	statue en bois			yirimɔgɔnin														wt
27783419712	accroissement			yiriwali														wt
27783419713	district du jourdain			zurudɛn mara														wt
27783419714	revu intéressant			zurunali, a kalan ka di														wt
3218598874	créer	bk		dan														wt
3221065537	souveraineté de dieu	bk		ala ka masabaya														wt
3653464641	boîte à offrande	jl 25		nili buwati														wt
3656197437	maitrise de soi	bk		yɛrɛminɛli														wt
3656657915	communications	jl 27		kunnafoni														wt
3656948736	de maison en maison	jl 12		soo ni soo														wt
3830892769	tour de garde	bk		kɔrɔsili sangaso														wt
40322554868	leçon	mwb		kalensen														
403520813	introduction	bk		dadon kumaw														wt
43139702982	tout puissant	wt		sebagayabɛɛtigi														wt
443aabc6-83da-4c95-b9fd-5641951f3fbf	SYNCDATE			anki	20200219165151			sheets	20200204125347									
4894740815	messie	bk		masiya														wt
4894757744	royaume	bk		masaya														wt
4896872164	interlocuteur	bk		lamɛnbaga				Lamɛnnikɛla										wt
64850686024	ministres a plein temps	rc		kudayi cidenya baarakɛlaw														wt
70892740875	mobiles	wt	(n.)	ŋainyaw														wt
78758660775	écrivain	wt		sɛbɛbaga														
79720169070	défi / assignation			kunkanbaaraba		Kunkanbaaraba dɔ tun kalifara ma Nuhun ma.												
79721166956	culte familiale			gwa kɔnɔ batoli	JL									Denbaya ka kalan	BM			
79862924702	échangeurs de l'argent			warijula														
79863124455	parfois			wagati dɔ la				Tuma dɔ la										
80240982563	vivant		adj	ɲana														
80241163751	vie			ɲanamanya				ɲɛnamaya										
80242017725	groupe / montagne		(n.)	kulu														
80242334155	conclusion			kuncɛli			kuncɛli kumaw			kuncɛli delili								
80842098784	héritage	mbw		cɛɛn			Ibrayima kɔmɔgɔw tun bena jamana min sɔrɔ cɛɛn ye, Jehova y’o yira a la											
80843541937	objective	mwb		laɲinita			Kɛ ni laɲinita ye											
80843834651	renforcer / appuyer			sinsin			Sinsin i ka kalan barokun kan											
81447088337	imparfait		(adj.)	dafabali														adj
81448485610	renforcer / réussir			sabati			Furuɲɔgɔnw be se k’u ka furu sabati cogo di?											
81673499052	perfectioner			timinandiya		I k'i timinandiya kalangwɛ ani sɛbɛri la												
81844049463	libérer		(v.)	hɔɔrɔnya		Jehova ye labɛn kɛ walisa k’i hɔɔrɔnya												v vt
81846226576	esprit			nii		Matigi ka nii be ne fɛ... Luka 4:16												
81846442466	prophetie			kiraya kuma		Yezu y’o kiraya kuma dafa cogo di?												
81969971267	En quel sens			Kɔrɔ juman...														essentiel question
81971141271	anciens prohètes			cira kɔrɔw														
82051323690	avoir confiance			lanin b’a la		Ibrayima tun lanin b’a la ko Jehova be kiti tigɛ tuma bɛɛ cogo tilennin na. 												
